Name,PA,R,HR,RBI,SO,TB,SB,OBP,zR,zHR,zRBI,zSO,zTB,zSB,zOBP,zTotal
Shohei Ohtani,679,129,48,119,164,344,26,0.385,0.86,0.66,0.71,-0.88,0.86,0.4,0.18,2.79
Juan Soto,686,114,38,102,120,289,23,0.411,0.76,0.52,0.61,-0.65,0.73,0.36,0.25,2.57
José Ramírez,679,95,29,96,80,292,32,0.347,0.63,0.4,0.57,-0.43,0.73,0.5,0.07,2.48
Aaron Judge,672,116,45,117,165,317,9,0.419,0.77,0.61,0.7,-0.89,0.8,0.14,0.28,2.41
Kyle Tucker,651,98,33,102,96,280,22,0.369,0.65,0.45,0.61,-0.51,0.7,0.34,0.14,2.38
Bobby Witt Jr.,679,103,28,95,117,312,33,0.344,0.68,0.38,0.57,-0.63,0.78,0.51,0.07,2.37
Ronald Acuña Jr.,651,115,31,84,133,279,26,0.393,0.76,0.42,0.5,-0.71,0.7,0.4,0.2,2.28
Vladimir Guerrero Jr.,679,98,33,105,92,305,5,0.38,0.65,0.45,0.62,-0.49,0.77,0.08,0.17,2.24
Corbin Carroll,665,106,28,93,139,284,35,0.346,0.7,0.38,0.55,-0.75,0.71,0.54,0.07,2.22
Fernando Tatis Jr.,672,106,30,84,131,282,26,0.358,0.7,0.41,0.5,-0.7,0.71,0.4,0.1,2.13
Junior Caminero,665,90,40,118,124,314,6,0.326,0.6,0.55,0.7,-0.67,0.79,0.09,0.02,2.07
Gunnar Henderson,672,99,29,94,140,292,22,0.354,0.66,0.4,0.56,-0.75,0.73,0.34,0.09,2.03
Julio Rodríguez,686,95,31,101,151,295,26,0.33,0.63,0.42,0.6,-0.81,0.74,0.4,0.03,2.02
Francisco Lindor,686,102,28,85,125,276,24,0.337,0.68,0.38,0.51,-0.67,0.69,0.37,0.05,2.01
Mookie Betts,651,97,24,87,77,264,9,0.358,0.64,0.33,0.52,-0.41,0.66,0.14,0.11,1.99
Elly De La Cruz,672,96,25,89,173,275,41,0.338,0.64,0.34,0.53,-0.93,0.69,0.64,0.05,1.96
Yordan Alvarez,600,89,31,90,106,275,4,0.385,0.59,0.43,0.53,-0.57,0.69,0.06,0.18,1.91
Geraldo Perdomo,686,96,15,72,88,238,23,0.363,0.64,0.2,0.43,-0.47,0.6,0.36,0.12,1.87
Jackson Chourio,651,93,25,89,131,284,24,0.318,0.62,0.34,0.53,-0.7,0.71,0.37,-0.01,1.86
Ketel Marte,637,94,27,86,104,270,6,0.359,0.62,0.37,0.51,-0.56,0.68,0.09,0.11,1.83
Pete Alonso,679,90,38,112,152,306,2,0.343,0.6,0.52,0.67,-0.82,0.77,0.03,0.06,1.83
Pete Crow-Armstrong,644,88,26,92,155,267,34,0.303,0.58,0.35,0.55,-0.83,0.67,0.53,-0.05,1.81
Cody Bellinger,637,85,25,92,93,259,12,0.326,0.56,0.34,0.55,-0.5,0.65,0.19,0.02,1.81
Trea Turner,644,92,19,73,118,262,28,0.334,0.61,0.26,0.43,-0.63,0.66,0.44,0.04,1.8
Josh Naylor,623,74,23,92,92,251,18,0.332,0.49,0.31,0.55,-0.49,0.63,0.28,0.03,1.8
Zach Neto,665,94,28,85,159,271,28,0.325,0.62,0.38,0.51,-0.85,0.68,0.44,0.01,1.79
Bryce Harper,665,90,29,95,143,281,11,0.365,0.6,0.4,0.57,-0.77,0.71,0.17,0.13,1.79
Kyle Schwarber,686,103,44,105,195,284,7,0.347,0.68,0.6,0.62,-1.05,0.71,0.11,0.08,1.76
Nico Hoerner,665,79,9,65,62,233,27,0.336,0.52,0.12,0.39,-0.33,0.58,0.42,0.04,1.75
Freddie Freeman,651,89,24,91,121,274,8,0.367,0.59,0.33,0.54,-0.65,0.69,0.12,0.13,1.75
Steven Kwan,665,86,12,60,61,236,19,0.35,0.57,0.16,0.36,-0.33,0.59,0.3,0.08,1.73
Wyatt Langford,644,90,25,80,145,251,22,0.349,0.6,0.34,0.48,-0.78,0.63,0.34,0.08,1.69
Maikel Garcia,665,87,13,68,100,244,27,0.332,0.58,0.18,0.4,-0.54,0.61,0.42,0.03,1.69
Jazz Chisholm Jr.,616,80,29,88,159,241,32,0.318,0.53,0.4,0.52,-0.86,0.6,0.5,-0.0,1.69
Brent Rooker,665,89,34,107,167,295,6,0.342,0.59,0.46,0.64,-0.9,0.74,0.09,0.06,1.69
CJ Abrams,630,86,20,70,118,243,30,0.314,0.57,0.27,0.42,-0.64,0.61,0.47,-0.02,1.68
Cal Raleigh,637,88,40,102,171,269,8,0.33,0.58,0.55,0.61,-0.92,0.68,0.12,0.03,1.65
Yandy Díaz,651,84,21,80,95,266,3,0.367,0.56,0.29,0.48,-0.51,0.67,0.05,0.13,1.65
Chandler Simpson,600,73,7,56,82,197,43,0.324,0.48,0.09,0.33,-0.44,0.49,0.67,0.01,1.64
Nick Kurtz,616,97,36,99,172,277,3,0.352,0.64,0.49,0.59,-0.93,0.7,0.05,0.09,1.63
Vinnie Pasquantino,644,74,28,94,95,266,1,0.328,0.49,0.38,0.56,-0.51,0.67,0.02,0.02,1.63
Caleb Durbin,609,73,13,67,69,211,24,0.33,0.48,0.18,0.4,-0.37,0.53,0.37,0.03,1.62
Jacob Wilson,609,74,13,77,47,240,5,0.341,0.49,0.18,0.46,-0.25,0.6,0.08,0.06,1.61
George Springer,600,87,25,76,117,240,13,0.342,0.57,0.34,0.45,-0.63,0.6,0.2,0.06,1.61
Manny Machado,651,81,27,91,128,266,10,0.325,0.54,0.37,0.54,-0.69,0.67,0.16,0.01,1.6
Alex Bregman,679,88,23,83,97,247,3,0.34,0.58,0.31,0.49,-0.52,0.62,0.05,0.06,1.59
Corey Seager,600,81,27,82,111,249,4,0.351,0.54,0.37,0.49,-0.59,0.62,0.06,0.09,1.57
Michael Harris II,600,74,23,80,116,260,18,0.309,0.49,0.31,0.48,-0.62,0.65,0.29,-0.03,1.57
Luis Arraez,630,73,7,59,27,231,9,0.343,0.48,0.1,0.35,-0.15,0.58,0.14,0.06,1.57
Bo Bichette,658,81,19,86,107,269,6,0.338,0.54,0.26,0.51,-0.57,0.68,0.09,0.05,1.55
Jeremy Peña,651,83,19,71,116,253,18,0.325,0.55,0.26,0.42,-0.62,0.63,0.28,0.01,1.54
Byron Buxton,600,90,30,81,162,262,18,0.317,0.6,0.41,0.48,-0.87,0.66,0.28,-0.01,1.54
Matt Olson,686,94,32,95,165,282,1,0.346,0.62,0.44,0.57,-0.89,0.71,0.02,0.07,1.53
Alec Burleson,609,71,22,80,85,247,6,0.329,0.47,0.3,0.48,-0.45,0.62,0.09,0.03,1.53
Jose Altuve,630,81,21,75,109,243,12,0.333,0.54,0.29,0.45,-0.58,0.61,0.19,0.04,1.52
Rafael Devers,686,94,31,92,166,274,2,0.351,0.62,0.42,0.55,-0.89,0.69,0.03,0.09,1.51
Luke Keaschall,600,78,12,66,103,208,25,0.349,0.52,0.17,0.39,-0.55,0.52,0.38,0.08,1.51
Jackson Merrill,630,82,24,84,121,266,7,0.321,0.54,0.33,0.5,-0.65,0.67,0.11,0.0,1.5
Shea Langeliers,600,79,31,92,134,260,6,0.313,0.52,0.42,0.55,-0.72,0.65,0.1,-0.02,1.5
Brice Turang,658,84,15,69,135,229,29,0.328,0.56,0.2,0.41,-0.73,0.57,0.45,0.02,1.49
Ernie Clement,644,76,13,72,63,241,9,0.307,0.5,0.18,0.43,-0.34,0.6,0.14,-0.04,1.48
Jordan Westburg,616,87,27,84,137,267,6,0.318,0.58,0.37,0.5,-0.73,0.67,0.09,-0.01,1.47
Bryson Stott,623,73,14,67,103,216,25,0.326,0.48,0.19,0.4,-0.55,0.54,0.39,0.02,1.47
Ben Rice,600,81,28,86,127,242,5,0.33,0.54,0.39,0.51,-0.68,0.61,0.07,0.03,1.47
James Wood,644,89,27,84,187,262,16,0.353,0.59,0.37,0.5,-1.0,0.66,0.25,0.09,1.46
Jurickson Profar,644,82,19,73,104,227,9,0.347,0.54,0.26,0.43,-0.56,0.57,0.14,0.08,1.46
Ozzie Albies,630,75,19,75,93,235,11,0.314,0.5,0.26,0.45,-0.5,0.59,0.17,-0.02,1.45
Luis García Jr.,600,72,18,76,98,238,14,0.312,0.48,0.25,0.45,-0.53,0.6,0.22,-0.02,1.45
Kazuma Okamoto,600,71,26,89,109,239,3,0.329,0.47,0.36,0.53,-0.59,0.6,0.04,0.02,1.44
William Contreras,610,80,20,77,116,235,6,0.358,0.53,0.27,0.46,-0.62,0.59,0.09,0.1,1.43
Ceddanne Rafaela,609,80,18,76,127,241,21,0.303,0.53,0.25,0.45,-0.68,0.6,0.33,-0.05,1.43
Andy Pages,609,76,26,86,131,254,10,0.311,0.5,0.35,0.51,-0.71,0.64,0.16,-0.03,1.43
Iván Herrera,600,78,19,74,118,227,10,0.361,0.52,0.26,0.44,-0.63,0.57,0.16,0.11,1.43
Sal Stewart,600,76,22,80,116,237,10,0.327,0.51,0.3,0.48,-0.62,0.59,0.15,0.02,1.43
Jakob Marsee,600,75,14,60,129,194,35,0.329,0.5,0.19,0.36,-0.69,0.49,0.55,0.03,1.41
Marcus Semien,644,83,20,75,106,228,9,0.314,0.55,0.27,0.45,-0.57,0.57,0.14,-0.02,1.4
Matt Chapman,672,89,27,83,165,257,9,0.336,0.59,0.37,0.49,-0.89,0.64,0.14,0.04,1.39
Gleyber Torres,665,83,19,72,114,237,6,0.347,0.55,0.26,0.43,-0.61,0.59,0.09,0.07,1.39
Xavier Edwards,602,72,5,50,83,198,27,0.345,0.48,0.07,0.3,-0.44,0.5,0.42,0.07,1.39
Randy Arozarena,679,87,23,75,179,236,25,0.33,0.58,0.31,0.45,-0.96,0.59,0.39,0.03,1.39
Willy Adames,679,85,27,86,166,252,12,0.321,0.56,0.37,0.51,-0.89,0.63,0.19,0.0,1.38
Austin Riley,672,88,30,92,174,283,3,0.324,0.58,0.41,0.55,-0.93,0.71,0.05,0.01,1.38
Drake Baldwin,600,72,23,84,112,239,2,0.337,0.48,0.32,0.5,-0.6,0.6,0.04,0.05,1.38
Seiya Suzuki,630,79,27,88,158,260,7,0.339,0.52,0.37,0.52,-0.85,0.65,0.11,0.05,1.38
Oneil Cruz,600,76,24,74,177,228,30,0.322,0.51,0.33,0.44,-0.95,0.57,0.47,0.0,1.37
Taylor Ward,658,82,29,89,159,261,5,0.328,0.54,0.4,0.53,-0.86,0.65,0.08,0.02,1.37
Jorge Polanco,600,72,26,83,122,234,6,0.325,0.48,0.35,0.5,-0.66,0.59,0.09,0.01,1.37
Nolan Schanuel,616,76,15,64,85,213,6,0.357,0.5,0.2,0.38,-0.46,0.53,0.09,0.1,1.37
Riley Greene,651,84,29,97,176,277,3,0.333,0.56,0.4,0.58,-0.95,0.7,0.05,0.04,1.36
Michael Busch,600,84,28,82,147,249,3,0.339,0.55,0.38,0.49,-0.79,0.62,0.05,0.05,1.36
Christian Yelich,630,81,20,80,153,227,17,0.343,0.54,0.27,0.48,-0.82,0.57,0.26,0.06,1.36
Kerry Carpenter,600,75,28,91,141,258,4,0.314,0.5,0.39,0.54,-0.76,0.65,0.06,-0.02,1.36
Alejandro Kirk,600,64,19,75,84,222,3,0.343,0.43,0.26,0.45,-0.45,0.56,0.05,0.06,1.35
Will Smith,600,79,22,79,119,226,4,0.345,0.52,0.3,0.47,-0.64,0.57,0.06,0.07,1.35
Isaac Paredes,600,74,23,78,108,222,3,0.338,0.49,0.32,0.46,-0.58,0.56,0.05,0.05,1.35
Jung Hoo Lee,609,68,10,64,65,221,9,0.333,0.45,0.14,0.38,-0.35,0.55,0.14,0.04,1.35
Dylan Crews,600,73,18,70,132,217,26,0.309,0.48,0.25,0.41,-0.71,0.54,0.41,-0.03,1.35
Agustín Ramírez,600,74,21,76,121,228,14,0.308,0.49,0.29,0.45,-0.65,0.57,0.22,-0.03,1.35
Jarren Duran,602,79,16,69,140,239,21,0.326,0.52,0.22,0.41,-0.75,0.6,0.33,0.02,1.34
Trevor Story,665,82,22,85,179,253,24,0.299,0.54,0.3,0.51,-0.96,0.63,0.37,-0.06,1.34
Tyler Soderstrom,600,71,26,88,136,246,5,0.324,0.47,0.36,0.53,-0.73,0.62,0.08,0.01,1.34
Jo Adell,609,73,33,94,163,255,9,0.298,0.48,0.45,0.56,-0.88,0.64,0.14,-0.06,1.34
Mickey Moniak,600,78,24,81,145,257,11,0.309,0.52,0.33,0.48,-0.78,0.65,0.18,-0.03,1.34
José Caballero,600,72,15,64,143,199,36,0.313,0.48,0.21,0.38,-0.77,0.5,0.56,-0.02,1.34
Tyler Freeman,600,73,14,64,103,212,17,0.334,0.49,0.2,0.38,-0.55,0.53,0.26,0.04,1.34
Luis Robert Jr.,600,74,22,80,165,219,30,0.299,0.49,0.3,0.48,-0.89,0.55,0.46,-0.06,1.33
Teoscar Hernández,600,76,29,93,158,260,6,0.314,0.5,0.4,0.55,-0.85,0.65,0.09,-0.02,1.33
Roman Anthony,630,92,19,70,155,237,9,0.367,0.61,0.26,0.42,-0.83,0.59,0.14,0.13,1.32
Andrés Giménez,600,70,14,67,104,207,21,0.313,0.46,0.19,0.4,-0.56,0.52,0.33,-0.02,1.32
Jeff McNeil,600,68,14,66,75,223,4,0.341,0.45,0.19,0.39,-0.4,0.56,0.07,0.06,1.32
Royce Lewis,600,69,23,80,127,234,13,0.309,0.46,0.32,0.48,-0.68,0.59,0.2,-0.03,1.32
Lawrence Butler,600,78,22,76,153,231,19,0.314,0.52,0.31,0.45,-0.82,0.58,0.3,-0.02,1.32
Hunter Goodman,600,76,30,91,153,269,2,0.309,0.5,0.4,0.54,-0.82,0.67,0.04,-0.03,1.31
Konnor Griffin,600,82,16,70,144,217,23,0.32,0.54,0.22,0.42,-0.77,0.55,0.36,0.0,1.31
Sal Frelick,600,71,11,63,91,208,17,0.332,0.47,0.15,0.37,-0.49,0.52,0.26,0.03,1.31
Justin Crawford,600,77,12,64,127,214,25,0.326,0.51,0.16,0.38,-0.68,0.54,0.39,0.02,1.31
Otto Lopez,609,67,12,65,91,217,16,0.321,0.44,0.16,0.39,-0.49,0.54,0.25,0.0,1.3
Alec Bohm,609,70,16,77,94,235,3,0.331,0.46,0.22,0.46,-0.51,0.59,0.05,0.03,1.3
Tommy Edman,600,75,18,71,109,223,12,0.306,0.5,0.25,0.42,-0.59,0.56,0.19,-0.04,1.3
Kevin McGonigle,600,75,19,73,114,222,10,0.321,0.49,0.26,0.43,-0.61,0.56,0.16,0.0,1.3
Jake McCarthy,600,73,15,66,114,220,17,0.326,0.48,0.2,0.39,-0.61,0.55,0.27,0.02,1.3
Adley Rutschman,600,72,20,71,96,223,1,0.339,0.48,0.27,0.42,-0.52,0.56,0.02,0.05,1.29
Ian Happ,658,84,23,79,156,240,8,0.342,0.56,0.31,0.47,-0.84,0.6,0.12,0.06,1.29
Brendan Donovan,600,73,13,60,81,214,5,0.35,0.49,0.17,0.36,-0.43,0.54,0.08,0.08,1.29
Wilyer Abreu,600,77,24,81,145,233,9,0.329,0.51,0.32,0.48,-0.78,0.59,0.15,0.02,1.29
Daylen Lile,600,72,13,70,109,231,15,0.322,0.48,0.17,0.41,-0.59,0.58,0.23,0.0,1.29
Jac Caglianone,600,73,25,80,129,240,4,0.319,0.48,0.35,0.48,-0.69,0.6,0.07,-0.0,1.28
Lourdes Gurriel Jr.,600,69,19,76,109,232,9,0.313,0.46,0.26,0.45,-0.59,0.58,0.14,-0.02,1.28
Daulton Varsho,600,78,29,86,153,242,9,0.292,0.51,0.4,0.51,-0.82,0.61,0.14,-0.08,1.27
Jackson Holliday,600,80,18,61,130,216,16,0.331,0.53,0.24,0.36,-0.7,0.54,0.25,0.03,1.27
Yainer Diaz,600,69,22,79,108,248,3,0.307,0.46,0.3,0.47,-0.58,0.62,0.04,-0.04,1.27
TJ Friedl,623,76,15,61,105,203,13,0.337,0.5,0.2,0.36,-0.57,0.51,0.2,0.05,1.27
Gabriel Moreno,600,72,16,73,110,221,7,0.341,0.48,0.22,0.43,-0.59,0.55,0.1,0.06,1.26
Adolis García,602,74,27,87,158,242,12,0.298,0.49,0.37,0.52,-0.85,0.61,0.19,-0.06,1.26
Cedric Mullins,600,72,19,70,134,210,22,0.304,0.48,0.26,0.42,-0.72,0.53,0.34,-0.05,1.26
Xander Bogaerts,609,68,13,63,107,212,17,0.33,0.45,0.18,0.38,-0.58,0.53,0.26,0.03,1.25
Anthony Santander,600,71,29,87,136,237,2,0.309,0.47,0.4,0.52,-0.73,0.6,0.02,-0.03,1.25
Noelvi Marte,600,74,19,72,132,225,16,0.307,0.49,0.25,0.43,-0.71,0.56,0.25,-0.04,1.25
Max Muncy,600,78,27,79,147,217,5,0.339,0.51,0.36,0.47,-0.79,0.54,0.08,0.05,1.24
Spencer Torkelson,651,81,29,90,169,253,2,0.324,0.54,0.4,0.54,-0.91,0.63,0.03,0.01,1.24
Evan Carter,600,74,16,65,134,205,21,0.327,0.49,0.21,0.39,-0.72,0.51,0.33,0.02,1.24
Matt Shaw,600,73,20,71,129,220,14,0.315,0.49,0.27,0.42,-0.69,0.55,0.22,-0.01,1.24
David Hamilton,600,73,19,70,135,217,18,0.31,0.48,0.26,0.42,-0.73,0.55,0.29,-0.03,1.24
Masyn Winn,630,78,14,67,112,223,12,0.313,0.52,0.19,0.4,-0.6,0.56,0.19,-0.02,1.23
Miguel Vargas,609,77,18,69,114,212,8,0.327,0.51,0.25,0.41,-0.61,0.53,0.12,0.02,1.23
Heliot Ramos,644,81,23,76,151,247,7,0.325,0.54,0.31,0.45,-0.81,0.62,0.11,0.01,1.23
Dansby Swanson,686,82,22,80,174,246,16,0.308,0.54,0.3,0.48,-0.93,0.62,0.25,-0.03,1.22
Brandon Nimmo,630,80,20,69,138,229,9,0.332,0.53,0.27,0.41,-0.74,0.57,0.14,0.03,1.22
Willson Contreras,609,75,23,82,152,233,5,0.344,0.5,0.31,0.49,-0.81,0.58,0.08,0.07,1.22
Nolan Arenado,600,64,17,75,86,218,3,0.309,0.43,0.24,0.45,-0.46,0.55,0.05,-0.03,1.22
JJ Wetherholt,600,73,16,68,114,208,12,0.329,0.48,0.21,0.41,-0.61,0.52,0.19,0.02,1.22
Ha-Seong Kim,600,71,15,64,117,202,18,0.323,0.47,0.21,0.38,-0.63,0.51,0.28,0.01,1.22
Salvador Perez,626,66,27,89,130,256,0,0.3,0.44,0.37,0.53,-0.7,0.64,0.0,-0.06,1.22
Joc Pederson,600,74,25,75,137,223,6,0.331,0.49,0.33,0.44,-0.73,0.56,0.09,0.03,1.22
Jasson Domínguez,600,74,19,70,140,218,17,0.317,0.49,0.26,0.42,-0.75,0.55,0.26,-0.01,1.22
Masataka Yoshida,600,70,19,72,117,222,9,0.32,0.47,0.25,0.43,-0.63,0.56,0.14,0.0,1.22
Dylan Beavers,600,74,19,70,137,215,14,0.331,0.49,0.26,0.41,-0.74,0.54,0.22,0.03,1.21
Jesús Sánchez,600,73,22,74,143,230,13,0.314,0.49,0.3,0.44,-0.77,0.58,0.2,-0.02,1.21
Spencer Steer,600,70,20,76,129,216,11,0.32,0.46,0.27,0.45,-0.69,0.54,0.16,-0.0,1.21
Miguel Andujar,600,67,16,72,102,227,6,0.316,0.45,0.22,0.43,-0.55,0.57,0.1,-0.01,1.21
Troy Johnston,600,70,18,72,129,223,14,0.317,0.47,0.24,0.43,-0.69,0.56,0.21,-0.01,1.21
Ezequiel Tovar,651,81,21,74,156,268,9,0.306,0.54,0.29,0.44,-0.84,0.67,0.14,-0.04,1.2
Jonathan Aranda,609,78,22,82,153,234,2,0.352,0.52,0.3,0.49,-0.82,0.59,0.03,0.09,1.2
Addison Barger,600,75,23,79,140,234,6,0.315,0.5,0.31,0.47,-0.75,0.59,0.09,-0.01,1.2
Nathan Lukes,600,72,16,70,113,221,8,0.324,0.48,0.22,0.42,-0.6,0.56,0.12,0.01,1.2
José Fermín,600,72,19,70,125,216,12,0.316,0.48,0.26,0.41,-0.67,0.54,0.18,-0.01,1.2
Luis Matos,600,72,20,72,125,222,11,0.31,0.48,0.27,0.43,-0.67,0.56,0.17,-0.03,1.2
Kyle Manzardo,600,70,26,82,140,233,2,0.322,0.47,0.36,0.49,-0.75,0.59,0.03,0.01,1.19
Colt Keith,600,78,18,73,127,227,5,0.329,0.52,0.25,0.43,-0.68,0.57,0.08,0.03,1.19
Josh Lowe,600,71,18,68,156,225,23,0.312,0.47,0.25,0.41,-0.84,0.56,0.35,-0.02,1.19
Javier Sanoja,600,69,15,68,107,214,12,0.31,0.46,0.21,0.4,-0.58,0.54,0.18,-0.03,1.19
Yohel Pozo,600,69,19,73,117,226,9,0.305,0.46,0.27,0.43,-0.63,0.57,0.13,-0.04,1.19
Leody Taveras,600,72,20,71,132,223,13,0.311,0.48,0.27,0.42,-0.71,0.56,0.2,-0.03,1.19
Esteury Ruiz,600,73,19,71,134,216,14,0.313,0.48,0.26,0.42,-0.72,0.54,0.22,-0.02,1.19
Romy Gonzalez,600,72,18,76,143,234,13,0.312,0.48,0.24,0.45,-0.77,0.59,0.21,-0.02,1.18
Samuel Basallo,600,74,26,80,145,236,5,0.308,0.49,0.36,0.48,-0.78,0.59,0.07,-0.03,1.18
Dairon Blanco,600,72,19,71,136,217,14,0.311,0.48,0.26,0.42,-0.73,0.54,0.23,-0.02,1.18
Francisco Alvarez,600,73,27,81,149,235,4,0.316,0.48,0.37,0.48,-0.8,0.59,0.06,-0.01,1.17
Lars Nootbaar,600,74,19,65,122,214,7,0.34,0.49,0.25,0.38,-0.65,0.54,0.11,0.06,1.17
Joey Ortiz,600,70,12,64,102,209,14,0.309,0.46,0.17,0.38,-0.55,0.52,0.22,-0.03,1.17
Tyler O'Neill,600,76,26,78,158,230,8,0.317,0.51,0.35,0.46,-0.85,0.58,0.13,-0.01,1.17
Ryan O'Hearn,600,70,18,70,115,223,4,0.338,0.46,0.24,0.41,-0.62,0.56,0.06,0.05,1.17
Victor Robles,600,68,13,62,132,204,24,0.313,0.45,0.18,0.37,-0.71,0.51,0.38,-0.02,1.17
Jake Fraley,600,69,16,66,125,204,16,0.318,0.46,0.22,0.39,-0.67,0.51,0.25,-0.0,1.17
JJ Bleday,600,74,23,74,135,224,7,0.315,0.49,0.31,0.44,-0.73,0.56,0.1,-0.01,1.17
Nathan Church,600,72,18,69,124,217,11,0.311,0.48,0.24,0.41,-0.66,0.55,0.18,-0.02,1.17
Munetaka Murakami,600,76,30,82,188,225,9,0.342,0.5,0.41,0.49,-1.01,0.56,0.14,0.06,1.16
Chase Meidroth,600,74,9,51,93,181,14,0.345,0.49,0.13,0.3,-0.5,0.45,0.21,0.07,1.16
Spencer Horwitz,600,75,14,63,113,218,4,0.351,0.5,0.2,0.38,-0.61,0.55,0.06,0.09,1.16
Victor Scott II,600,68,9,53,129,173,38,0.3,0.45,0.13,0.31,-0.69,0.43,0.59,-0.06,1.16
Jake Mangum,600,65,10,63,112,213,19,0.318,0.43,0.14,0.37,-0.6,0.54,0.29,-0.01,1.16
Willi Castro,600,74,15,61,135,217,16,0.33,0.49,0.2,0.37,-0.72,0.54,0.25,0.03,1.16
Josh Bell,600,67,20,73,113,219,2,0.335,0.44,0.28,0.43,-0.61,0.55,0.03,0.04,1.16
Isaac Collins,600,73,14,66,131,200,17,0.329,0.48,0.19,0.4,-0.7,0.5,0.27,0.03,1.16
Jacob Young,600,70,11,60,119,197,22,0.312,0.46,0.15,0.36,-0.64,0.49,0.35,-0.02,1.16
Luisangel Acuña,600,70,10,57,117,196,26,0.303,0.47,0.14,0.34,-0.63,0.49,0.4,-0.05,1.16
Andrew Benintendi,600,68,19,72,108,217,5,0.316,0.45,0.26,0.43,-0.58,0.54,0.07,-0.01,1.16
Alan Roden,600,72,17,69,126,216,11,0.319,0.48,0.24,0.41,-0.67,0.54,0.16,-0.0,1.16
Jonny DeLuca,600,70,18,68,128,217,14,0.306,0.46,0.25,0.41,-0.69,0.54,0.22,-0.04,1.16
Jorge Mateo,600,71,18,69,140,215,19,0.301,0.47,0.25,0.41,-0.75,0.54,0.29,-0.05,1.16
Bryan Torres,600,71,19,70,131,218,11,0.316,0.47,0.26,0.41,-0.7,0.55,0.18,-0.01,1.16
Weston Wilson,600,73,20,71,135,222,11,0.311,0.48,0.28,0.42,-0.73,0.56,0.17,-0.02,1.16
Gustavo Campero,600,72,20,71,134,222,11,0.312,0.48,0.28,0.42,-0.72,0.56,0.17,-0.02,1.16
Akil Baddoo,600,73,20,71,135,222,11,0.312,0.48,0.28,0.42,-0.73,0.56,0.17,-0.02,1.16
Gabriel Rincones Jr.,600,73,20,71,135,221,11,0.312,0.48,0.28,0.42,-0.73,0.55,0.17,-0.02,1.16
Trent Grisham,600,80,25,71,148,210,7,0.327,0.53,0.35,0.42,-0.79,0.53,0.1,0.02,1.15
Chase DeLauter,600,73,18,70,113,219,5,0.319,0.48,0.25,0.41,-0.6,0.55,0.07,-0.0,1.15
Marcell Ozuna,600,72,26,79,147,227,1,0.337,0.48,0.35,0.47,-0.79,0.57,0.02,0.05,1.15
Brooks Baldwin,600,70,20,72,134,224,11,0.308,0.46,0.28,0.43,-0.72,0.56,0.18,-0.03,1.15
Miguel Rojas,600,71,17,68,117,215,10,0.312,0.47,0.24,0.4,-0.63,0.54,0.16,-0.02,1.15
Carson Benge,600,74,17,69,131,213,12,0.317,0.49,0.23,0.41,-0.71,0.53,0.19,-0.01,1.15
Alex Call,600,73,19,70,129,212,10,0.321,0.48,0.25,0.42,-0.69,0.53,0.15,0.0,1.15
Nasim Nuñez,600,70,12,60,138,188,29,0.309,0.47,0.17,0.36,-0.74,0.47,0.45,-0.03,1.15
Tyler Austin,600,73,22,76,141,229,7,0.315,0.48,0.29,0.45,-0.76,0.57,0.11,-0.01,1.15
Kody Clemens,600,73,22,73,138,228,9,0.304,0.48,0.3,0.43,-0.74,0.57,0.14,-0.04,1.15
Jon Berti,600,70,15,63,131,208,20,0.312,0.47,0.21,0.37,-0.71,0.52,0.3,-0.02,1.15
Sam Haggerty,600,73,15,64,133,207,19,0.314,0.48,0.2,0.38,-0.72,0.52,0.3,-0.02,1.15
Jahmai Jones,600,74,19,72,137,216,11,0.32,0.49,0.26,0.43,-0.74,0.54,0.17,-0.0,1.15
Jacob Melton,600,72,19,70,139,216,15,0.306,0.48,0.26,0.41,-0.75,0.54,0.23,-0.04,1.15
Blaine Crim,600,72,20,72,132,224,8,0.317,0.48,0.27,0.43,-0.71,0.56,0.13,-0.01,1.15
Adael Amador,600,72,19,70,130,216,11,0.314,0.48,0.25,0.42,-0.7,0.54,0.17,-0.02,1.15
Tyler Tolbert,600,72,18,69,138,214,17,0.307,0.48,0.24,0.41,-0.74,0.54,0.26,-0.04,1.15
Max Anderson,600,72,20,72,133,222,10,0.311,0.48,0.28,0.43,-0.71,0.56,0.16,-0.02,1.15
Eduardo Valencia,600,72,20,72,134,222,10,0.311,0.48,0.28,0.43,-0.72,0.56,0.16,-0.02,1.15
Ryan Ward,600,73,20,72,135,222,10,0.311,0.48,0.28,0.43,-0.72,0.56,0.16,-0.02,1.15
Rhylan Thomas,600,72,19,71,131,219,11,0.312,0.48,0.26,0.42,-0.71,0.55,0.17,-0.02,1.15
Pedro León,600,72,20,72,136,221,11,0.311,0.48,0.28,0.43,-0.73,0.55,0.17,-0.02,1.15
Eliezer Alfonzo,600,72,20,72,134,219,10,0.312,0.48,0.27,0.43,-0.72,0.55,0.16,-0.02,1.15
Austin Martin,600,70,11,60,114,194,16,0.332,0.46,0.15,0.36,-0.61,0.49,0.25,0.03,1.14
Amed Rosario,600,70,17,69,122,221,11,0.306,0.46,0.23,0.41,-0.66,0.55,0.17,-0.04,1.14
Cody Freeman,600,71,18,69,116,215,9,0.304,0.47,0.24,0.41,-0.62,0.54,0.14,-0.04,1.14
Nick Loftin,600,72,18,69,127,213,10,0.315,0.48,0.25,0.41,-0.68,0.54,0.16,-0.01,1.14
Hyeseong Kim,600,71,18,70,137,216,15,0.308,0.47,0.24,0.42,-0.74,0.54,0.24,-0.03,1.14
Nate Eaton,600,72,19,70,137,219,13,0.309,0.48,0.26,0.42,-0.74,0.55,0.21,-0.03,1.14
Jesus Rodriguez,600,72,19,70,133,218,11,0.313,0.48,0.26,0.42,-0.71,0.55,0.17,-0.02,1.14
Enmanuel Valdez,600,72,20,71,134,221,10,0.312,0.48,0.27,0.42,-0.72,0.55,0.15,-0.02,1.14
Gabriel Gonzalez,600,71,20,71,132,220,10,0.313,0.47,0.27,0.42,-0.71,0.55,0.15,-0.02,1.14
Brandon Lockridge,600,71,19,70,136,219,13,0.312,0.47,0.26,0.41,-0.73,0.55,0.2,-0.02,1.14
Enrique Bradfield Jr.,600,72,19,70,134,215,13,0.311,0.48,0.25,0.42,-0.72,0.54,0.2,-0.02,1.14
Ildemaro Vargas,600,71,19,70,127,217,10,0.311,0.47,0.25,0.42,-0.68,0.54,0.16,-0.03,1.14
Tommy Troy,600,72,20,70,134,219,11,0.312,0.48,0.27,0.42,-0.72,0.55,0.17,-0.02,1.14
Samad Taylor,600,72,20,70,135,217,12,0.312,0.48,0.27,0.42,-0.72,0.55,0.18,-0.02,1.14
Shay Whitcomb,600,72,20,72,136,222,10,0.311,0.48,0.28,0.43,-0.73,0.56,0.16,-0.02,1.14
Nate Furman,600,72,19,71,133,218,10,0.313,0.48,0.27,0.42,-0.72,0.55,0.16,-0.02,1.14
Jared Young,600,72,19,72,134,220,10,0.312,0.48,0.27,0.43,-0.72,0.55,0.16,-0.02,1.14
Heston Kjerstad,600,72,20,72,135,222,10,0.312,0.48,0.28,0.43,-0.73,0.56,0.16,-0.02,1.14
Victor Mesa Jr.,600,72,20,71,134,222,10,0.311,0.48,0.28,0.42,-0.72,0.56,0.16,-0.02,1.14
Spencer Jones,600,73,20,72,139,219,11,0.311,0.48,0.27,0.43,-0.74,0.55,0.17,-0.03,1.14
Joey Loperfido,600,72,20,71,136,220,11,0.311,0.48,0.27,0.42,-0.73,0.55,0.17,-0.02,1.14
Zac Veen,600,71,19,70,136,220,12,0.312,0.47,0.26,0.42,-0.73,0.55,0.19,-0.02,1.14
Sterlin Thompson,600,72,20,71,134,220,10,0.313,0.48,0.27,0.42,-0.72,0.55,0.15,-0.02,1.14
Jorbit Vivas,600,72,19,71,133,220,10,0.312,0.48,0.27,0.42,-0.71,0.55,0.16,-0.02,1.14
Matt Koperniak,600,72,20,71,134,220,10,0.311,0.48,0.27,0.42,-0.72,0.55,0.15,-0.02,1.14
Kevin Newman,600,72,19,71,133,220,10,0.312,0.48,0.27,0.42,-0.72,0.55,0.16,-0.02,1.14
Jonatan Clase,600,72,19,71,135,220,11,0.312,0.48,0.27,0.42,-0.72,0.55,0.17,-0.02,1.14
Vinny Capra,600,72,20,72,134,219,10,0.312,0.48,0.27,0.43,-0.72,0.55,0.16,-0.02,1.14
Jhonkensy Noel,600,72,20,72,135,222,10,0.311,0.48,0.28,0.43,-0.73,0.56,0.16,-0.03,1.14
Jonathon Long,600,72,20,72,134,219,10,0.312,0.48,0.27,0.43,-0.72,0.55,0.16,-0.02,1.14
Ryan Clifford,600,72,20,72,136,221,10,0.312,0.48,0.28,0.43,-0.73,0.55,0.16,-0.02,1.14
Maverick Handley,600,72,20,72,135,219,10,0.312,0.48,0.27,0.43,-0.72,0.55,0.16,-0.02,1.14
Dominic Fletcher,600,72,20,72,134,219,10,0.312,0.48,0.27,0.43,-0.72,0.55,0.16,-0.02,1.14
Vimael Machín,600,72,20,72,134,219,10,0.312,0.48,0.27,0.43,-0.72,0.55,0.16,-0.02,1.14
Collin Price,600,72,20,72,135,219,10,0.312,0.48,0.27,0.43,-0.72,0.55,0.16,-0.02,1.14
Steward Berroa,600,72,20,72,135,219,10,0.312,0.48,0.27,0.43,-0.72,0.55,0.16,-0.02,1.14
José Barrero,600,72,20,72,135,219,10,0.311,0.48,0.27,0.43,-0.72,0.55,0.16,-0.02,1.14
Tyler Black,600,72,20,72,134,219,10,0.312,0.48,0.27,0.43,-0.72,0.55,0.16,-0.02,1.14
Jason Delay,600,72,20,72,134,219,10,0.312,0.48,0.27,0.43,-0.72,0.55,0.16,-0.02,1.14
James Triantos,600,72,20,72,134,219,10,0.312,0.48,0.27,0.43,-0.72,0.55,0.16,-0.02,1.14
Jose Herrera,600,72,20,71,134,219,10,0.312,0.48,0.27,0.42,-0.72,0.55,0.16,-0.02,1.14
Kellen Strahm,600,72,20,72,135,219,10,0.312,0.48,0.27,0.43,-0.72,0.55,0.16,-0.02,1.14
Marco Luciano,600,72,20,72,135,219,10,0.312,0.48,0.27,0.43,-0.72,0.55,0.16,-0.02,1.14
Trey Lipscomb,600,72,20,72,134,219,10,0.312,0.48,0.27,0.43,-0.72,0.55,0.16,-0.02,1.14
Davis Wendzel,600,72,20,72,134,219,10,0.312,0.48,0.27,0.43,-0.72,0.55,0.16,-0.02,1.14
Tim Elko,600,72,20,72,135,219,10,0.312,0.48,0.27,0.43,-0.72,0.55,0.16,-0.02,1.14
Héctor Rodríguez,600,72,20,71,133,220,10,0.311,0.48,0.27,0.42,-0.71,0.55,0.15,-0.03,1.14
Kemp Alderman,600,72,20,72,134,219,10,0.312,0.48,0.27,0.43,-0.72,0.55,0.16,-0.02,1.14
Michael Siani,600,72,20,72,135,219,10,0.312,0.48,0.27,0.43,-0.72,0.55,0.16,-0.02,1.14
Nick Morabito,600,72,20,72,134,219,10,0.312,0.48,0.27,0.43,-0.72,0.55,0.16,-0.02,1.14
Justin Dean,600,72,19,71,136,218,11,0.311,0.48,0.27,0.42,-0.73,0.55,0.17,-0.02,1.14
Ben Cowles,600,72,20,72,135,219,10,0.312,0.48,0.27,0.43,-0.72,0.55,0.16,-0.02,1.14
Sebastián Rivero,600,72,20,72,134,219,10,0.311,0.48,0.27,0.43,-0.72,0.55,0.16,-0.02,1.14
Yanquiel Fernández,600,72,19,72,134,220,10,0.312,0.48,0.27,0.43,-0.72,0.55,0.16,-0.02,1.14
Trey Mancini,600,72,19,72,135,220,10,0.312,0.48,0.27,0.43,-0.72,0.55,0.16,-0.02,1.14
Anthony Volpe,600,70,18,69,141,214,19,0.297,0.46,0.25,0.41,-0.76,0.54,0.3,-0.06,1.13
Thairo Estrada,600,69,17,70,124,220,11,0.305,0.46,0.24,0.42,-0.67,0.55,0.17,-0.04,1.13
Dylan Moore,600,73,19,65,156,207,22,0.308,0.49,0.27,0.39,-0.84,0.52,0.34,-0.03,1.13
Andy Ibáñez,600,70,19,71,129,218,10,0.309,0.47,0.26,0.42,-0.69,0.55,0.16,-0.03,1.13
Starling Marte,600,71,17,68,132,217,13,0.316,0.47,0.23,0.4,-0.71,0.54,0.21,-0.01,1.13
Max Kepler,600,73,20,71,131,216,9,0.312,0.48,0.27,0.42,-0.7,0.54,0.14,-0.02,1.13
Ryan Waldschmidt,600,73,18,69,133,211,12,0.318,0.48,0.24,0.41,-0.71,0.53,0.18,-0.0,1.13
Jordan Lawlar,600,72,19,70,139,220,12,0.312,0.48,0.26,0.42,-0.74,0.55,0.19,-0.02,1.13
Ronny Mauricio,600,72,20,71,137,219,11,0.309,0.48,0.27,0.42,-0.74,0.55,0.18,-0.03,1.13
Keibert Ruiz,600,64,17,68,99,215,7,0.301,0.42,0.24,0.41,-0.53,0.54,0.11,-0.05,1.13
Johan Rojas,600,71,18,69,133,216,14,0.309,0.47,0.24,0.41,-0.72,0.54,0.21,-0.03,1.13
Leo Jiménez,600,72,19,70,134,217,10,0.313,0.48,0.26,0.42,-0.72,0.55,0.16,-0.02,1.13
Alejandro Osuna,600,71,19,70,133,215,12,0.315,0.47,0.26,0.41,-0.72,0.54,0.18,-0.02,1.13
Walker Jenkins,600,71,19,70,134,218,11,0.313,0.47,0.26,0.42,-0.72,0.55,0.17,-0.02,1.13
Alex Freeland,600,72,20,71,136,218,11,0.313,0.48,0.27,0.42,-0.73,0.55,0.17,-0.02,1.13
Eli White,600,73,19,70,138,220,12,0.31,0.48,0.26,0.42,-0.74,0.55,0.19,-0.03,1.13
Brice Matthews,600,72,20,71,139,216,12,0.311,0.48,0.27,0.42,-0.75,0.54,0.18,-0.02,1.13
Nick Madrigal,600,71,18,70,129,216,11,0.313,0.47,0.25,0.41,-0.69,0.54,0.16,-0.02,1.13
Aidan Miller,600,72,19,71,136,217,12,0.312,0.48,0.26,0.42,-0.73,0.54,0.18,-0.02,1.13
Jeferson Quero,600,71,20,72,133,219,10,0.311,0.47,0.27,0.43,-0.72,0.55,0.15,-0.03,1.13
Tre' Morgan,600,71,19,71,133,217,10,0.314,0.47,0.26,0.42,-0.71,0.54,0.16,-0.02,1.13
Leo De Vries,600,72,20,71,135,220,10,0.311,0.48,0.27,0.42,-0.73,0.55,0.15,-0.02,1.13
Maximo Acosta,600,71,20,70,136,219,12,0.309,0.47,0.27,0.42,-0.73,0.55,0.19,-0.03,1.13
Taylor Trammell,600,72,20,71,137,220,11,0.312,0.48,0.27,0.42,-0.74,0.55,0.17,-0.02,1.13
Christian Encarnacion-Strand,600,71,21,75,140,226,9,0.307,0.47,0.29,0.44,-0.75,0.57,0.14,-0.04,1.13
Kyren Paris,600,72,20,71,137,219,11,0.311,0.48,0.27,0.42,-0.74,0.55,0.17,-0.03,1.13
Anthony Seigler,600,72,20,70,135,218,11,0.312,0.48,0.27,0.42,-0.72,0.55,0.17,-0.02,1.13
Jhonny Pereda,600,72,20,71,134,220,10,0.312,0.47,0.27,0.42,-0.72,0.55,0.16,-0.02,1.13
Willie MacIver,600,72,20,71,135,220,10,0.312,0.47,0.27,0.42,-0.72,0.55,0.16,-0.02,1.13
Kevin Alcántara,600,72,20,71,137,219,11,0.311,0.48,0.27,0.42,-0.74,0.55,0.17,-0.03,1.13
Grant McCray,600,72,20,71,137,219,11,0.311,0.48,0.27,0.42,-0.74,0.55,0.17,-0.03,1.13
Blake Dunn,600,72,20,71,136,219,11,0.312,0.48,0.27,0.42,-0.73,0.55,0.17,-0.02,1.13
Rodolfo Durán,600,72,20,71,134,220,10,0.311,0.47,0.27,0.42,-0.72,0.55,0.16,-0.02,1.13
César Prieto,600,72,19,71,133,219,10,0.312,0.48,0.26,0.42,-0.71,0.55,0.16,-0.02,1.13
Blake Hunt,600,72,20,71,135,220,10,0.311,0.47,0.27,0.42,-0.72,0.55,0.16,-0.02,1.13
Trei Cruz,600,72,19,71,135,220,10,0.312,0.48,0.27,0.42,-0.72,0.55,0.16,-0.02,1.13
Justin Foscue,600,72,20,71,133,218,10,0.311,0.48,0.27,0.42,-0.71,0.55,0.15,-0.02,1.13
Stuart Fairchild,600,72,19,71,135,220,10,0.312,0.48,0.27,0.42,-0.72,0.55,0.16,-0.02,1.13
Kahlil Watson,600,72,19,72,136,220,10,0.311,0.48,0.27,0.43,-0.73,0.55,0.16,-0.02,1.13
Josh Rojas,600,71,19,71,134,220,10,0.312,0.47,0.27,0.42,-0.72,0.55,0.16,-0.02,1.13
Vidal Bruján,600,72,19,71,134,220,10,0.312,0.48,0.27,0.42,-0.72,0.55,0.16,-0.02,1.13
Christian Franklin,600,72,19,71,135,218,10,0.312,0.48,0.27,0.42,-0.72,0.55,0.16,-0.02,1.13
Brett Sullivan,600,72,20,71,134,220,10,0.312,0.47,0.27,0.42,-0.72,0.55,0.16,-0.02,1.13
Patrick Wisdom,600,72,20,72,137,221,10,0.31,0.48,0.28,0.43,-0.74,0.55,0.16,-0.03,1.13
Edwin Arroyo,600,71,19,71,134,220,10,0.312,0.47,0.27,0.42,-0.72,0.55,0.16,-0.02,1.13
Nicky Lopez,600,71,19,71,133,219,10,0.312,0.47,0.27,0.42,-0.71,0.55,0.16,-0.02,1.13
Rece Hinds,600,72,20,72,138,220,11,0.31,0.48,0.27,0.43,-0.74,0.55,0.17,-0.03,1.13
Dom Nuñez,600,72,20,71,135,219,10,0.312,0.48,0.27,0.42,-0.72,0.55,0.16,-0.02,1.13
Tyler Wade,600,72,19,71,135,218,11,0.312,0.48,0.26,0.42,-0.72,0.55,0.17,-0.02,1.13
Billy Cook,600,72,19,71,135,218,11,0.311,0.48,0.26,0.42,-0.73,0.55,0.17,-0.02,1.13
Kyle Stowers,609,73,27,84,172,246,4,0.324,0.48,0.37,0.5,-0.92,0.62,0.06,0.01,1.12
Brenton Doyle,600,70,19,71,159,225,21,0.297,0.46,0.26,0.42,-0.85,0.56,0.33,-0.06,1.12
Brett Baty,600,72,23,74,144,226,7,0.316,0.47,0.31,0.44,-0.77,0.57,0.12,-0.01,1.12
Jake Burger,600,70,27,84,148,244,2,0.293,0.47,0.37,0.5,-0.79,0.61,0.03,-0.07,1.12
Mark Vientos,600,71,25,82,150,236,4,0.311,0.47,0.33,0.49,-0.81,0.59,0.06,-0.02,1.12
Wenceel Pérez,600,71,17,70,130,219,13,0.306,0.47,0.23,0.41,-0.7,0.55,0.2,-0.04,1.12
Luis Campusano,600,71,19,72,126,217,6,0.319,0.47,0.26,0.43,-0.68,0.54,0.09,-0.0,1.12
Dominic Canzone,600,71,22,75,137,228,7,0.306,0.47,0.3,0.45,-0.73,0.57,0.1,-0.04,1.12
Darell Hernaiz,600,70,16,68,119,212,10,0.316,0.47,0.21,0.4,-0.64,0.53,0.16,-0.01,1.12
Jeremiah Jackson,600,70,21,72,135,227,10,0.301,0.46,0.28,0.43,-0.73,0.57,0.16,-0.05,1.12
Triston Casas,600,71,21,74,139,221,7,0.32,0.47,0.29,0.44,-0.75,0.56,0.12,0.0,1.12
Zack Gelof,600,73,20,72,145,221,12,0.31,0.48,0.28,0.43,-0.78,0.55,0.18,-0.03,1.12
Richie Palacios,600,71,17,67,128,205,13,0.315,0.47,0.23,0.4,-0.69,0.51,0.2,-0.01,1.12
Ryan Mountcastle,600,71,20,73,138,224,9,0.31,0.47,0.28,0.43,-0.74,0.56,0.14,-0.03,1.12
Max Schuemann,600,72,18,69,135,216,12,0.314,0.47,0.25,0.41,-0.72,0.54,0.18,-0.02,1.12
Eric Wagaman,600,71,19,70,131,223,9,0.311,0.47,0.26,0.42,-0.7,0.56,0.14,-0.02,1.12
Jett Williams,600,73,19,71,137,217,11,0.311,0.48,0.26,0.42,-0.74,0.55,0.18,-0.02,1.12
Michael Arroyo,600,71,19,72,136,217,11,0.312,0.47,0.26,0.43,-0.73,0.54,0.16,-0.02,1.12
Curtis Mead,600,71,19,71,133,217,10,0.312,0.47,0.26,0.42,-0.72,0.54,0.16,-0.02,1.12
Alex Jackson,600,72,20,72,137,220,10,0.31,0.48,0.27,0.43,-0.74,0.55,0.15,-0.03,1.12
Miles Mastrobuoni,600,72,19,69,133,215,11,0.312,0.48,0.25,0.41,-0.71,0.54,0.17,-0.02,1.12
Coby Mayo,600,72,20,71,136,220,10,0.312,0.48,0.27,0.42,-0.73,0.55,0.15,-0.02,1.12
Hao-Yu  Lee,600,72,19,71,134,218,10,0.312,0.48,0.26,0.42,-0.72,0.55,0.16,-0.02,1.12
LaMonte Wade Jr.,600,72,20,70,134,216,10,0.314,0.48,0.27,0.42,-0.72,0.54,0.15,-0.02,1.12
Wade Meckler,600,72,19,70,134,216,11,0.313,0.48,0.26,0.42,-0.72,0.54,0.17,-0.02,1.12
Dylan Carlson,600,72,19,71,134,218,10,0.312,0.48,0.26,0.42,-0.72,0.55,0.16,-0.02,1.12
Denzer Guzman,600,72,20,71,136,220,10,0.311,0.48,0.27,0.42,-0.73,0.55,0.15,-0.03,1.12
Tomás Nido,600,72,20,71,135,218,10,0.311,0.47,0.27,0.42,-0.72,0.55,0.16,-0.02,1.12
Brandon Valenzuela,600,72,20,71,135,218,10,0.311,0.47,0.27,0.42,-0.72,0.55,0.16,-0.02,1.12
Garrett Stubbs,600,72,19,71,135,219,10,0.311,0.48,0.26,0.42,-0.72,0.55,0.16,-0.02,1.12
A.J. Vukovich,600,72,20,71,136,220,10,0.311,0.48,0.27,0.42,-0.73,0.55,0.15,-0.03,1.12
Shane McGuire,600,72,20,71,135,218,10,0.312,0.47,0.27,0.42,-0.72,0.55,0.16,-0.02,1.12
Eric Haase,600,72,20,71,135,218,10,0.311,0.47,0.27,0.42,-0.73,0.55,0.16,-0.02,1.12
Hayden Senger,600,72,20,71,135,218,10,0.311,0.47,0.27,0.42,-0.73,0.55,0.16,-0.03,1.12
Drew Romo,600,72,20,71,134,218,10,0.311,0.47,0.27,0.42,-0.72,0.55,0.16,-0.02,1.12
Jonah Bride,600,72,19,71,134,218,10,0.312,0.48,0.26,0.42,-0.72,0.55,0.16,-0.02,1.12
Austin Barnes,600,72,20,71,134,218,10,0.311,0.47,0.27,0.42,-0.72,0.55,0.16,-0.02,1.12
Jorge Alfaro,600,72,20,71,136,220,10,0.311,0.47,0.27,0.42,-0.73,0.55,0.16,-0.03,1.12
Bryan Ramos,600,71,19,72,134,218,10,0.311,0.47,0.27,0.43,-0.72,0.55,0.16,-0.02,1.12
Cooper Kinney,600,71,19,71,135,220,10,0.311,0.47,0.27,0.42,-0.72,0.55,0.16,-0.02,1.12
Tristan Peters,600,71,19,71,134,218,11,0.311,0.47,0.26,0.42,-0.72,0.55,0.16,-0.03,1.12
Niko Kavadas,600,72,20,71,137,221,10,0.312,0.48,0.28,0.42,-0.74,0.55,0.16,-0.02,1.12
Luken Baker,600,72,20,71,136,219,10,0.311,0.48,0.27,0.42,-0.73,0.55,0.15,-0.02,1.12
Kristian Robinson,600,72,19,71,137,218,11,0.311,0.48,0.26,0.42,-0.73,0.55,0.17,-0.02,1.12
Jared Serna,600,72,19,70,133,215,11,0.31,0.48,0.26,0.42,-0.71,0.54,0.17,-0.03,1.12
Michael Toglia,600,72,20,72,138,219,10,0.311,0.48,0.27,0.43,-0.74,0.55,0.15,-0.03,1.12
T.J. Rumfield,600,72,20,71,133,219,9,0.312,0.48,0.27,0.42,-0.71,0.55,0.14,-0.02,1.12
Paul Goldschmidt,600,73,18,70,135,225,7,0.324,0.48,0.25,0.42,-0.72,0.57,0.1,0.01,1.11
Giancarlo Stanton,600,70,32,90,174,242,2,0.306,0.46,0.44,0.53,-0.93,0.61,0.04,-0.04,1.11
Sung-Mun Song,600,69,16,65,116,206,12,0.308,0.46,0.21,0.38,-0.62,0.52,0.19,-0.03,1.11
Luis Rengifo,600,67,15,64,115,211,13,0.308,0.44,0.2,0.38,-0.62,0.53,0.2,-0.03,1.11
Jesse Winker,600,70,18,67,132,208,10,0.334,0.46,0.24,0.4,-0.71,0.52,0.15,0.04,1.11
Drew Millas,600,70,17,69,126,214,11,0.311,0.47,0.24,0.41,-0.68,0.54,0.17,-0.02,1.11
Mauricio Dubón,600,69,14,64,99,214,7,0.303,0.46,0.2,0.38,-0.53,0.54,0.11,-0.05,1.11
Moisés Ballesteros,600,67,16,71,114,215,6,0.322,0.45,0.22,0.42,-0.61,0.54,0.09,0.0,1.11
Lane Thomas,600,72,19,69,148,214,16,0.306,0.48,0.26,0.41,-0.79,0.54,0.26,-0.04,1.11
Dane Myers,600,70,18,70,142,215,15,0.309,0.46,0.24,0.42,-0.76,0.54,0.24,-0.03,1.11
Ryan Bliss,600,72,18,69,139,211,14,0.307,0.48,0.25,0.41,-0.75,0.53,0.23,-0.03,1.11
Juan Brito,600,71,19,70,132,215,10,0.312,0.47,0.26,0.41,-0.71,0.54,0.15,-0.02,1.11
Endy Rodríguez,600,72,18,69,132,219,10,0.312,0.48,0.25,0.41,-0.71,0.55,0.15,-0.02,1.11
Brett Wisely,600,72,19,71,134,216,10,0.311,0.47,0.26,0.42,-0.72,0.54,0.16,-0.02,1.11
Kameron Misner,600,71,19,71,139,216,12,0.311,0.47,0.26,0.42,-0.75,0.54,0.18,-0.03,1.11
Tim Tawa,600,71,20,71,137,218,11,0.308,0.47,0.27,0.42,-0.74,0.55,0.17,-0.03,1.11
Junior Perez,600,72,20,71,139,218,11,0.31,0.48,0.27,0.42,-0.75,0.55,0.17,-0.03,1.11
Petey Halpin,600,72,19,71,136,218,10,0.311,0.48,0.26,0.42,-0.73,0.55,0.16,-0.03,1.11
Matt Mervis,600,72,20,71,137,218,10,0.31,0.48,0.27,0.42,-0.73,0.55,0.15,-0.03,1.11
Manuel Margot,600,71,19,70,131,216,10,0.31,0.47,0.25,0.42,-0.71,0.54,0.16,-0.03,1.11
Tsung-Che Cheng,600,72,19,70,135,216,11,0.311,0.48,0.26,0.42,-0.73,0.54,0.17,-0.03,1.11
Austin Wells,600,69,24,79,144,223,7,0.301,0.46,0.33,0.47,-0.77,0.56,0.11,-0.05,1.1
Matt Wallner,600,75,26,80,174,234,6,0.33,0.5,0.36,0.47,-0.93,0.59,0.1,0.03,1.1
Harrison Bader,600,70,17,66,141,216,16,0.31,0.47,0.24,0.39,-0.76,0.54,0.25,-0.03,1.1
Ramón Laureano,600,75,22,78,161,227,10,0.311,0.5,0.3,0.46,-0.86,0.57,0.15,-0.03,1.1
Brandon Lowe,600,76,25,75,153,234,5,0.31,0.5,0.34,0.45,-0.82,0.59,0.07,-0.03,1.1
Christian Walker,616,73,28,83,161,237,3,0.306,0.48,0.38,0.49,-0.86,0.59,0.05,-0.04,1.1
Dalton Rushing,600,72,21,74,144,219,8,0.315,0.48,0.29,0.44,-0.77,0.55,0.13,-0.01,1.1
Edmundo Sosa,600,71,19,72,135,224,9,0.307,0.47,0.26,0.43,-0.73,0.56,0.14,-0.04,1.1
Will Benson,600,74,21,72,153,220,12,0.312,0.49,0.29,0.43,-0.82,0.55,0.19,-0.02,1.1
Carlos Cortes,600,71,19,71,132,217,9,0.311,0.47,0.26,0.42,-0.71,0.54,0.13,-0.02,1.1
Oswaldo Cabrera,600,71,19,69,130,213,10,0.309,0.47,0.25,0.41,-0.7,0.53,0.16,-0.03,1.1
Michael Helman,600,73,18,69,135,212,13,0.302,0.48,0.25,0.41,-0.73,0.53,0.19,-0.05,1.1
Dominic Keegan,600,71,20,71,137,220,9,0.31,0.47,0.27,0.42,-0.74,0.55,0.15,-0.03,1.1
Trey Sweeney,600,72,20,70,137,218,10,0.31,0.48,0.27,0.42,-0.74,0.55,0.16,-0.03,1.1
Jace Jung,600,71,19,71,136,217,10,0.312,0.47,0.26,0.42,-0.73,0.54,0.15,-0.02,1.1
Emmanuel Rodriguez,600,72,19,71,140,217,11,0.314,0.48,0.26,0.42,-0.75,0.54,0.16,-0.02,1.1
Chas McCormick,600,72,19,70,139,215,12,0.311,0.47,0.27,0.42,-0.75,0.54,0.18,-0.03,1.1
Nacho Alvarez Jr.,600,72,19,70,134,215,10,0.312,0.48,0.26,0.42,-0.72,0.54,0.15,-0.02,1.1
Garrett Hampson,600,72,19,69,136,215,11,0.311,0.48,0.26,0.41,-0.73,0.54,0.17,-0.03,1.1
Deyvison De Los Santos,600,71,20,71,138,219,10,0.306,0.47,0.27,0.42,-0.74,0.55,0.16,-0.04,1.1
Carlos Correa,600,70,19,71,123,227,1,0.33,0.46,0.26,0.42,-0.66,0.57,0.01,0.03,1.09
Jake Meyers,600,70,14,62,127,206,15,0.318,0.46,0.19,0.37,-0.68,0.52,0.24,-0.01,1.09
Brayan Rocchio,600,68,13,61,113,201,14,0.31,0.45,0.18,0.36,-0.61,0.51,0.22,-0.03,1.09
Brooks Lee,602,64,17,69,102,217,5,0.299,0.42,0.23,0.41,-0.55,0.54,0.08,-0.06,1.09
Zach McKinstry,600,69,15,62,131,210,17,0.312,0.46,0.2,0.37,-0.7,0.53,0.26,-0.02,1.09
Vaughn Grissom,600,71,17,66,126,213,10,0.314,0.47,0.23,0.39,-0.67,0.53,0.15,-0.02,1.09
Andrew Vaughn,600,63,21,80,120,228,1,0.307,0.42,0.29,0.47,-0.64,0.57,0.01,-0.04,1.09
Tyler Locklear,600,71,19,73,146,217,11,0.318,0.47,0.26,0.43,-0.78,0.55,0.17,-0.01,1.09
Brett Harris,600,71,18,70,131,211,9,0.313,0.47,0.25,0.41,-0.7,0.53,0.15,-0.02,1.09
Will Wagner,600,71,17,68,126,214,9,0.317,0.47,0.23,0.4,-0.68,0.54,0.14,-0.01,1.09
Randal Grichuk,600,71,20,71,131,224,7,0.305,0.47,0.27,0.42,-0.71,0.56,0.11,-0.04,1.09
Andruw Monasterio,600,72,18,68,137,210,13,0.313,0.48,0.24,0.41,-0.74,0.53,0.2,-0.02,1.09
Alex Verdugo,600,71,17,67,119,213,8,0.312,0.47,0.23,0.4,-0.64,0.53,0.12,-0.02,1.09
Otto Kemp,600,73,19,73,147,217,11,0.312,0.48,0.26,0.44,-0.79,0.54,0.17,-0.02,1.09
Myles Straw,600,71,17,67,130,210,13,0.308,0.47,0.23,0.4,-0.7,0.53,0.2,-0.03,1.09
Zach Dezenzo,600,72,20,71,142,221,10,0.311,0.48,0.27,0.42,-0.76,0.55,0.15,-0.03,1.09
Paul DeJong,600,71,21,71,141,219,10,0.306,0.47,0.28,0.42,-0.76,0.55,0.16,-0.04,1.09
Nelson Rada,600,71,17,67,136,208,13,0.314,0.47,0.24,0.4,-0.73,0.52,0.21,-0.02,1.09
Tirso Ornelas,600,71,19,69,133,215,9,0.311,0.47,0.26,0.41,-0.71,0.54,0.14,-0.02,1.09
Chadwick Tromp,600,71,20,70,136,218,10,0.309,0.47,0.27,0.42,-0.73,0.55,0.15,-0.03,1.09
Wilmer Flores,600,68,20,72,124,215,6,0.309,0.45,0.27,0.43,-0.66,0.54,0.1,-0.03,1.09
Tim Anderson,600,71,19,69,135,215,11,0.31,0.47,0.25,0.41,-0.73,0.54,0.17,-0.03,1.09
Ryan Jeffers,600,69,19,69,125,214,4,0.328,0.46,0.25,0.41,-0.67,0.54,0.07,0.02,1.08
Josh Smith,600,71,14,58,117,202,11,0.328,0.47,0.19,0.34,-0.63,0.51,0.17,0.02,1.08
J.C. Escarra,600,70,18,68,126,213,8,0.312,0.46,0.24,0.41,-0.68,0.53,0.13,-0.02,1.08
Graham Pauley,600,70,18,68,125,210,9,0.306,0.46,0.25,0.41,-0.67,0.53,0.14,-0.04,1.08
Ryan Ritter,600,73,18,70,141,220,10,0.316,0.48,0.25,0.42,-0.76,0.55,0.15,-0.01,1.08
Jake Bauers,600,71,22,72,159,217,13,0.314,0.47,0.31,0.43,-0.86,0.54,0.2,-0.02,1.08
Luis Urías,600,69,18,69,128,210,9,0.314,0.46,0.25,0.41,-0.69,0.53,0.13,-0.02,1.08
Jack Suwinski,600,71,21,71,150,218,11,0.314,0.47,0.28,0.42,-0.81,0.55,0.17,-0.02,1.08
Ryan Vilade,600,71,18,70,137,214,11,0.313,0.47,0.24,0.42,-0.73,0.54,0.17,-0.02,1.08
Nolan Jones,600,71,19,70,142,216,10,0.314,0.47,0.26,0.42,-0.76,0.54,0.16,-0.02,1.08
Daniel Susac,600,70,19,71,139,217,10,0.309,0.46,0.26,0.42,-0.75,0.55,0.16,-0.03,1.08
Sebastian Walcott,600,71,18,69,136,213,11,0.31,0.47,0.25,0.41,-0.73,0.54,0.17,-0.03,1.08
Ben Rortvedt,600,71,19,70,137,216,10,0.31,0.47,0.26,0.42,-0.73,0.54,0.15,-0.03,1.08
Yohandy Morales,600,71,19,71,138,218,9,0.311,0.47,0.26,0.42,-0.74,0.55,0.15,-0.03,1.08
MJ Melendez,600,71,20,71,144,220,11,0.305,0.47,0.27,0.42,-0.77,0.55,0.17,-0.04,1.08
Mike Trout,600,78,28,77,182,226,3,0.346,0.52,0.38,0.46,-0.98,0.57,0.05,0.07,1.07
Gary Sánchez,600,70,24,77,146,222,6,0.307,0.47,0.32,0.46,-0.78,0.56,0.09,-0.03,1.07
Tyler Heineman,600,71,18,68,131,211,10,0.311,0.47,0.24,0.4,-0.7,0.53,0.15,-0.02,1.07
Colby Thomas,600,72,20,77,154,225,10,0.306,0.48,0.28,0.46,-0.83,0.57,0.15,-0.04,1.07
Braxton Fulford,600,72,19,71,143,219,10,0.313,0.48,0.26,0.42,-0.77,0.55,0.15,-0.02,1.07
Andrés Chaparro,600,69,20,73,138,222,7,0.311,0.46,0.28,0.43,-0.74,0.56,0.11,-0.03,1.07
Rafael Marchán,600,70,18,69,127,210,8,0.311,0.46,0.24,0.41,-0.68,0.53,0.13,-0.03,1.07
Reese McGuire,600,70,19,71,135,215,10,0.306,0.46,0.26,0.42,-0.72,0.54,0.15,-0.04,1.07
Drew Gilbert,600,70,18,69,128,212,9,0.31,0.46,0.25,0.41,-0.69,0.53,0.14,-0.03,1.07
Carlos Santana,600,68,19,70,125,205,8,0.312,0.45,0.26,0.41,-0.67,0.52,0.13,-0.02,1.07
Nick Yorke,600,70,17,68,134,217,11,0.311,0.47,0.23,0.4,-0.72,0.54,0.17,-0.02,1.07
Rafael Flores Jr.,600,71,19,70,140,216,10,0.312,0.47,0.26,0.42,-0.75,0.54,0.15,-0.02,1.07
John Rave,600,71,18,69,140,213,12,0.31,0.47,0.25,0.41,-0.75,0.53,0.18,-0.03,1.07
Tristan Gray,600,71,20,71,139,217,9,0.308,0.47,0.27,0.42,-0.74,0.54,0.14,-0.03,1.07
Korey Lee,600,71,20,70,139,218,10,0.305,0.47,0.27,0.42,-0.74,0.55,0.15,-0.04,1.07
Matthew Lugo,600,71,19,71,142,218,11,0.306,0.47,0.26,0.42,-0.76,0.55,0.17,-0.04,1.07
Nick Castellanos,600,70,19,74,137,223,8,0.305,0.46,0.26,0.44,-0.74,0.56,0.12,-0.04,1.07
Colton Cowser,600,74,23,76,181,220,15,0.317,0.49,0.31,0.45,-0.97,0.55,0.23,-0.01,1.06
Carson Kelly,600,69,19,70,127,210,6,0.312,0.46,0.26,0.42,-0.68,0.53,0.09,-0.02,1.06
Mike Yastrzemski,600,74,21,67,140,216,6,0.32,0.49,0.28,0.4,-0.75,0.54,0.1,0.0,1.06
Jose Trevino,600,66,18,67,113,216,7,0.3,0.44,0.24,0.4,-0.61,0.54,0.1,-0.06,1.06
Davis Schneider,600,73,21,71,152,214,9,0.32,0.48,0.29,0.42,-0.82,0.54,0.15,0.0,1.06
Harry Ford,600,72,17,67,134,204,10,0.319,0.47,0.23,0.4,-0.72,0.51,0.16,-0.0,1.06
Leo Rivas,600,72,16,66,139,198,14,0.318,0.48,0.22,0.39,-0.75,0.5,0.22,-0.0,1.06
Johnathan Rodríguez,600,71,20,72,146,225,8,0.314,0.47,0.28,0.43,-0.79,0.56,0.13,-0.02,1.06
Liam Hicks,600,68,16,67,123,204,8,0.321,0.45,0.22,0.4,-0.66,0.51,0.13,0.0,1.06
Tyler Fitzgerald,600,72,19,70,144,216,12,0.307,0.48,0.26,0.42,-0.78,0.54,0.18,-0.04,1.06
Kristian Campbell,600,71,18,70,139,214,10,0.318,0.47,0.24,0.42,-0.75,0.54,0.15,-0.0,1.06
Andrew Knizner,600,70,18,68,133,212,10,0.309,0.46,0.25,0.41,-0.71,0.53,0.15,-0.03,1.06
Tom Murphy,600,71,20,70,142,219,9,0.31,0.47,0.27,0.42,-0.76,0.55,0.14,-0.03,1.06
Tanner Murray,600,70,19,70,136,217,10,0.306,0.47,0.26,0.41,-0.73,0.54,0.15,-0.04,1.06
Ryan Kreidler,600,71,19,69,140,213,11,0.31,0.47,0.25,0.41,-0.75,0.53,0.17,-0.03,1.06
Riley Adams,600,71,20,70,141,217,9,0.309,0.47,0.27,0.42,-0.76,0.55,0.15,-0.03,1.06
Jose Miranda,600,68,18,70,129,213,9,0.305,0.45,0.25,0.41,-0.69,0.53,0.14,-0.04,1.06
Kris Bryant,600,71,19,69,138,217,9,0.312,0.47,0.27,0.41,-0.74,0.54,0.13,-0.02,1.06
Ty France,600,67,17,69,121,212,6,0.317,0.44,0.23,0.41,-0.65,0.53,0.09,-0.01,1.05
Tyrone Taylor,600,71,16,66,135,214,13,0.299,0.47,0.22,0.39,-0.72,0.54,0.21,-0.06,1.05
Derek Hill,600,71,18,69,146,215,13,0.305,0.47,0.25,0.41,-0.78,0.54,0.2,-0.04,1.05
Jimmy Crooks,600,70,19,70,138,217,9,0.31,0.47,0.26,0.41,-0.74,0.54,0.14,-0.03,1.05
Gio Urshela,600,69,18,69,129,216,8,0.311,0.46,0.24,0.41,-0.69,0.54,0.12,-0.03,1.05
Christopher Morel,600,72,22,72,156,222,10,0.308,0.48,0.3,0.43,-0.84,0.56,0.16,-0.03,1.05
Jerar Encarnacion,600,71,20,73,150,219,10,0.309,0.47,0.28,0.44,-0.8,0.55,0.15,-0.03,1.05
Orlando Arcia,600,68,19,68,132,216,9,0.305,0.45,0.26,0.4,-0.71,0.54,0.14,-0.04,1.05
Rowdy Tellez,600,66,23,75,140,224,5,0.303,0.44,0.32,0.44,-0.75,0.56,0.08,-0.05,1.05
Mark Canha,600,68,18,67,131,211,9,0.316,0.45,0.24,0.4,-0.7,0.53,0.14,-0.01,1.05
Tyler Callihan,600,70,18,69,141,214,11,0.308,0.46,0.25,0.41,-0.76,0.54,0.18,-0.03,1.05
Orelvis Martinez,600,70,20,71,140,216,9,0.306,0.47,0.27,0.42,-0.75,0.54,0.14,-0.04,1.05
Parker Meadows,600,72,16,67,147,209,15,0.307,0.48,0.23,0.4,-0.79,0.52,0.24,-0.04,1.04
Cole Young,600,68,14,64,113,199,8,0.318,0.45,0.19,0.38,-0.61,0.5,0.13,-0.01,1.04
Bryan Reynolds,651,74,19,76,159,240,5,0.325,0.49,0.26,0.45,-0.86,0.6,0.08,0.01,1.04
Danny Jansen,600,71,22,71,139,212,5,0.31,0.47,0.3,0.43,-0.74,0.53,0.08,-0.03,1.04
Nick Fortes,600,67,18,67,118,206,8,0.3,0.45,0.24,0.4,-0.63,0.52,0.12,-0.05,1.04
Miguel Amaya,600,68,19,72,131,215,7,0.31,0.45,0.25,0.43,-0.7,0.54,0.1,-0.03,1.04
Trevor Larnach,600,71,19,70,139,216,6,0.323,0.47,0.26,0.41,-0.74,0.54,0.09,0.01,1.04
Ramón Urías,600,69,19,69,136,220,8,0.31,0.46,0.26,0.41,-0.73,0.55,0.12,-0.03,1.04
Michael Massey,600,67,18,68,122,220,7,0.3,0.44,0.24,0.41,-0.65,0.55,0.1,-0.06,1.04
Justyn-Henry Malloy,600,72,18,70,143,210,8,0.325,0.48,0.25,0.42,-0.77,0.53,0.12,0.01,1.04
Christian Koss,600,71,17,68,136,215,11,0.305,0.47,0.23,0.4,-0.73,0.54,0.17,-0.04,1.04
Ezequiel Duran,600,69,16,66,138,215,14,0.302,0.46,0.22,0.39,-0.74,0.54,0.22,-0.05,1.04
Lenyn Sosa,600,66,21,74,133,228,6,0.295,0.44,0.29,0.44,-0.72,0.57,0.09,-0.07,1.04
Nick Allen,600,69,17,67,131,207,11,0.309,0.46,0.23,0.4,-0.7,0.52,0.17,-0.03,1.04
Santiago Espinal,600,67,15,65,116,207,9,0.309,0.44,0.21,0.39,-0.63,0.52,0.14,-0.03,1.04
Dominic Smith,600,68,17,69,128,212,8,0.311,0.45,0.23,0.41,-0.69,0.53,0.12,-0.02,1.04
Abimelec Ortiz,600,71,20,71,142,220,8,0.307,0.47,0.28,0.42,-0.76,0.55,0.12,-0.04,1.04
DJ LeMahieu,600,69,17,68,132,208,9,0.314,0.46,0.24,0.4,-0.71,0.52,0.14,-0.02,1.04
Joey Wiemer,600,70,19,69,143,213,11,0.306,0.46,0.26,0.41,-0.77,0.53,0.18,-0.04,1.04
Justin Turner,600,69,17,68,127,208,7,0.317,0.45,0.23,0.4,-0.68,0.52,0.11,-0.01,1.04
Matt McLain,609,74,18,67,168,209,18,0.317,0.49,0.25,0.4,-0.9,0.52,0.28,-0.01,1.03
Eugenio Suárez,630,75,32,91,195,244,3,0.3,0.5,0.44,0.54,-1.04,0.61,0.05,-0.06,1.03
J.T. Realmuto,600,69,19,70,143,222,9,0.311,0.46,0.25,0.42,-0.77,0.56,0.14,-0.02,1.03
Brandon Marsh,600,72,18,71,163,221,12,0.327,0.48,0.24,0.42,-0.88,0.56,0.19,0.02,1.03
Casey Schmitt,600,67,19,71,135,221,6,0.308,0.45,0.26,0.42,-0.72,0.55,0.1,-0.03,1.03
Luis Torrens,600,67,19,69,134,220,8,0.307,0.44,0.26,0.41,-0.72,0.55,0.12,-0.04,1.03
Austin Hays,600,74,19,74,150,228,7,0.304,0.49,0.26,0.44,-0.81,0.57,0.11,-0.04,1.03
Nathaniel Lowe,600,68,18,72,137,214,5,0.327,0.45,0.24,0.43,-0.73,0.54,0.08,0.02,1.03
Kyle Karros,600,71,16,68,135,213,9,0.319,0.47,0.21,0.4,-0.73,0.53,0.13,-0.0,1.03
Nick Sogard,600,71,15,64,131,203,11,0.319,0.47,0.2,0.38,-0.7,0.51,0.17,-0.0,1.03
Daniel Schneemann,600,70,19,68,143,213,11,0.308,0.47,0.25,0.4,-0.77,0.53,0.17,-0.03,1.03
Luke Raley,600,70,20,71,153,217,10,0.311,0.47,0.28,0.42,-0.82,0.54,0.16,-0.03,1.03
Connor Wong,600,70,18,67,139,217,10,0.309,0.46,0.24,0.4,-0.74,0.55,0.15,-0.03,1.03
Oswald Peraza,600,69,18,66,142,206,14,0.301,0.46,0.25,0.39,-0.76,0.52,0.22,-0.05,1.03
Jorge Barrosa,600,70,17,68,135,211,10,0.309,0.47,0.24,0.4,-0.72,0.53,0.16,-0.03,1.03
Mason McCoy,600,70,18,69,142,210,12,0.306,0.47,0.24,0.41,-0.76,0.53,0.18,-0.04,1.03
Bo Naylor,600,71,22,72,142,212,6,0.307,0.47,0.3,0.43,-0.76,0.53,0.1,-0.04,1.02
Victor Caratini,600,64,17,67,114,207,4,0.32,0.42,0.23,0.4,-0.61,0.52,0.07,0.0,1.02
Jordan Beck,600,69,17,68,164,223,17,0.314,0.46,0.24,0.4,-0.88,0.56,0.26,-0.02,1.02
Blake Perkins,600,71,17,67,145,205,14,0.31,0.47,0.23,0.4,-0.78,0.51,0.21,-0.03,1.02
Michael Conforto,600,70,21,71,142,216,5,0.314,0.46,0.29,0.42,-0.76,0.54,0.08,-0.02,1.02
César Salazar,600,69,17,69,131,205,9,0.31,0.46,0.24,0.41,-0.7,0.51,0.13,-0.03,1.02
Taylor Walls,600,69,14,61,137,194,19,0.303,0.46,0.19,0.36,-0.74,0.49,0.3,-0.05,1.02
Jose Iglesias,600,67,15,66,122,209,9,0.308,0.45,0.21,0.39,-0.65,0.53,0.13,-0.03,1.02
Isiah Kiner-Falefa,600,66,12,62,116,198,15,0.302,0.44,0.16,0.37,-0.62,0.5,0.23,-0.05,1.02
Garrett Mitchell,600,72,16,68,165,209,17,0.315,0.48,0.22,0.41,-0.88,0.53,0.27,-0.01,1.01
Jake Rogers,600,72,20,71,146,217,8,0.303,0.48,0.27,0.42,-0.79,0.54,0.13,-0.05,1.01
Angel Martínez,600,70,16,66,131,209,10,0.301,0.46,0.22,0.39,-0.7,0.52,0.16,-0.05,1.01
Rob Refsnyder,600,71,19,71,150,211,9,0.317,0.47,0.26,0.42,-0.8,0.53,0.14,-0.01,1.01
Jonah Heim,600,68,18,68,128,210,8,0.303,0.45,0.25,0.4,-0.69,0.53,0.12,-0.05,1.01
Matt Vierling,600,70,17,67,137,213,9,0.311,0.47,0.23,0.4,-0.73,0.54,0.14,-0.02,1.01
James Outman,600,73,20,69,156,213,11,0.31,0.49,0.27,0.41,-0.84,0.53,0.17,-0.03,1.01
Kyle Farmer,600,68,18,69,134,212,8,0.306,0.45,0.25,0.41,-0.72,0.53,0.13,-0.04,1.01
Jarred Kelenic,600,70,19,68,147,216,11,0.305,0.47,0.26,0.4,-0.79,0.54,0.18,-0.04,1.01
Carter Jensen,600,70,19,71,148,217,7,0.318,0.46,0.25,0.42,-0.8,0.55,0.12,-0.0,1.0
Marcelo Mayer,600,71,17,70,138,221,7,0.303,0.47,0.23,0.42,-0.74,0.56,0.11,-0.05,1.0
Kyle Higashioka,600,67,21,73,141,220,8,0.295,0.45,0.28,0.43,-0.75,0.55,0.12,-0.07,1.0
José Tena,600,68,15,67,142,210,13,0.31,0.45,0.21,0.4,-0.76,0.53,0.2,-0.03,1.0
Gavin Sheets,600,62,20,73,124,218,3,0.308,0.41,0.27,0.43,-0.66,0.55,0.04,-0.03,1.0
David Fry,600,69,20,71,145,215,9,0.305,0.45,0.27,0.42,-0.78,0.54,0.13,-0.04,1.0
Jake Cronenworth,630,70,15,65,126,204,4,0.332,0.46,0.2,0.39,-0.68,0.51,0.06,0.03,0.99
Sean Murphy,600,70,23,74,151,216,4,0.313,0.46,0.31,0.44,-0.81,0.54,0.07,-0.02,0.99
Connor Norby,600,74,18,70,157,219,11,0.306,0.49,0.25,0.42,-0.84,0.55,0.17,-0.04,0.99
Jonathan India,600,71,13,57,116,197,6,0.336,0.47,0.17,0.34,-0.62,0.5,0.09,0.04,0.99
Austin Wynns,600,68,18,71,143,214,9,0.306,0.45,0.25,0.42,-0.77,0.54,0.13,-0.04,0.99
Luke Maile,600,68,18,67,143,210,10,0.311,0.45,0.25,0.4,-0.77,0.53,0.16,-0.02,0.99
Austin Slater,600,72,18,68,148,213,9,0.313,0.47,0.25,0.4,-0.79,0.53,0.14,-0.02,0.99
Tommy Pham,600,69,16,64,136,208,10,0.314,0.46,0.22,0.38,-0.73,0.52,0.16,-0.02,0.99
Bryce Johnson,600,69,16,65,144,205,14,0.31,0.46,0.22,0.39,-0.77,0.52,0.21,-0.03,0.99
Charlie Condon,600,69,19,70,147,217,8,0.314,0.46,0.26,0.42,-0.79,0.55,0.12,-0.02,0.99
Kyle Teel,600,73,17,65,147,206,8,0.33,0.49,0.23,0.39,-0.79,0.52,0.13,0.03,0.98
Henry Davis,600,69,18,68,143,212,9,0.307,0.46,0.25,0.4,-0.77,0.53,0.14,-0.03,0.98
Rhys Hoskins,600,68,24,75,158,216,5,0.316,0.45,0.32,0.45,-0.85,0.54,0.08,-0.01,0.98
Everson Pereira,600,74,21,70,164,214,11,0.305,0.49,0.28,0.41,-0.88,0.54,0.17,-0.04,0.98
James McCann,600,69,18,69,141,216,8,0.304,0.46,0.25,0.41,-0.76,0.54,0.12,-0.04,0.98
Nick Gonzales,600,68,13,67,126,220,5,0.316,0.45,0.18,0.4,-0.67,0.55,0.07,-0.01,0.97
C.J. Kayfus,600,70,18,72,156,221,8,0.319,0.46,0.24,0.43,-0.84,0.55,0.12,-0.0,0.97
Alek Thomas,600,69,16,66,136,213,11,0.296,0.46,0.21,0.39,-0.73,0.53,0.17,-0.07,0.97
Jorge Soler,600,71,25,74,161,223,2,0.313,0.47,0.35,0.44,-0.86,0.56,0.04,-0.02,0.97
Travis Bazzana,600,74,17,67,150,203,10,0.313,0.49,0.23,0.4,-0.8,0.51,0.16,-0.02,0.97
Mitch Garver,600,69,20,69,146,209,8,0.308,0.46,0.27,0.41,-0.78,0.52,0.12,-0.03,0.97
Robert Hassell III,600,68,16,65,138,203,12,0.307,0.45,0.21,0.39,-0.74,0.51,0.19,-0.04,0.97
Elias Díaz,600,68,19,68,138,212,8,0.302,0.45,0.25,0.41,-0.74,0.53,0.12,-0.05,0.97
Jacob Stallings,600,68,18,69,140,208,8,0.305,0.45,0.25,0.41,-0.75,0.52,0.13,-0.04,0.97
Kyle Isbel,600,70,12,61,120,201,11,0.299,0.47,0.16,0.36,-0.64,0.51,0.17,-0.06,0.96
Cam Smith,600,71,17,67,149,213,10,0.315,0.47,0.23,0.4,-0.8,0.53,0.15,-0.01,0.96
Mike Tauchman,600,73,16,61,137,202,7,0.325,0.48,0.22,0.37,-0.74,0.51,0.11,0.01,0.96
Javier Báez,600,67,17,71,139,215,9,0.29,0.44,0.24,0.42,-0.74,0.54,0.15,-0.08,0.96
Brendan Rodgers,600,70,18,68,142,210,8,0.307,0.46,0.24,0.41,-0.76,0.53,0.12,-0.04,0.96
Braden Montgomery,600,68,18,69,147,215,9,0.306,0.45,0.24,0.41,-0.79,0.54,0.14,-0.04,0.96
Dillon Dingler,600,67,18,76,145,221,4,0.308,0.44,0.25,0.45,-0.78,0.55,0.06,-0.03,0.95
Jared Triolo,600,66,11,56,136,191,16,0.329,0.44,0.15,0.33,-0.73,0.48,0.25,0.02,0.95
Colt Emerson,600,68,15,65,133,202,10,0.309,0.45,0.2,0.39,-0.71,0.51,0.15,-0.03,0.95
Christian Vázquez,600,65,16,65,127,204,9,0.3,0.43,0.23,0.39,-0.68,0.51,0.13,-0.05,0.95
Pavin Smith,600,69,18,70,148,206,6,0.327,0.46,0.24,0.42,-0.79,0.52,0.09,0.02,0.95
J.P. Crawford,637,69,12,59,122,195,6,0.334,0.46,0.16,0.35,-0.66,0.49,0.09,0.04,0.94
Ke'Bryan Hayes,616,63,12,61,123,204,13,0.3,0.42,0.16,0.36,-0.66,0.51,0.2,-0.06,0.94
Joe Mack,600,69,19,70,149,212,8,0.3,0.46,0.26,0.42,-0.8,0.53,0.12,-0.06,0.94
Austin Hedges,600,67,18,67,140,206,9,0.301,0.45,0.25,0.4,-0.75,0.52,0.14,-0.05,0.94
Jeimer Candelario,600,68,19,70,145,210,8,0.299,0.45,0.26,0.42,-0.78,0.53,0.12,-0.06,0.94
Colson Montgomery,602,70,27,86,179,225,3,0.295,0.46,0.37,0.51,-0.96,0.56,0.05,-0.07,0.93
Gavin Lux,600,70,13,58,129,207,6,0.332,0.47,0.18,0.35,-0.69,0.52,0.09,0.03,0.93
Yoán Moncada,600,69,20,71,155,221,4,0.316,0.46,0.27,0.43,-0.83,0.56,0.06,-0.01,0.93
Ben Williamson,600,67,13,63,130,204,10,0.31,0.44,0.17,0.37,-0.7,0.51,0.16,-0.03,0.93
Enrique Hernández,600,68,18,69,137,209,6,0.296,0.45,0.25,0.41,-0.73,0.53,0.09,-0.07,0.93
Adam Frazier,600,64,13,61,120,197,10,0.302,0.43,0.18,0.36,-0.64,0.49,0.16,-0.05,0.93
Edgar Quero,600,60,14,64,114,201,3,0.323,0.4,0.19,0.38,-0.61,0.5,0.05,0.01,0.92
George Valera,600,72,20,69,157,212,6,0.312,0.48,0.28,0.41,-0.84,0.53,0.09,-0.02,0.92
Andrew McCutchen,600,68,17,63,139,202,6,0.321,0.45,0.24,0.38,-0.75,0.51,0.09,0.0,0.92
Carson Williams,600,72,22,72,185,213,16,0.293,0.48,0.29,0.43,-0.99,0.53,0.25,-0.08,0.91
Travis d'Arnaud,600,67,20,69,148,218,6,0.298,0.44,0.27,0.41,-0.8,0.55,0.1,-0.06,0.91
Bryce Teodosio,600,68,15,64,155,201,17,0.296,0.45,0.21,0.38,-0.83,0.5,0.27,-0.07,0.91
Adrian Del Castillo,600,68,19,71,151,215,6,0.306,0.45,0.26,0.42,-0.81,0.54,0.1,-0.04,0.91
Thomas Saggese,600,68,15,67,144,211,8,0.306,0.45,0.21,0.4,-0.77,0.53,0.13,-0.04,0.9
Logan O'Hoppe,600,66,24,73,160,221,5,0.297,0.44,0.33,0.43,-0.86,0.56,0.07,-0.06,0.9
Josh Jung,600,66,19,72,150,226,5,0.295,0.44,0.26,0.43,-0.81,0.57,0.07,-0.07,0.89
Max Muncy,600,67,17,73,156,215,7,0.305,0.45,0.24,0.44,-0.84,0.54,0.11,-0.04,0.89
Hunter Feduccia,600,69,16,64,143,202,7,0.313,0.46,0.22,0.38,-0.77,0.51,0.11,-0.02,0.89
Heriberto Hernández,600,69,20,72,164,209,7,0.31,0.46,0.27,0.43,-0.88,0.52,0.11,-0.03,0.89
Nolan Gorman,600,71,26,76,185,221,5,0.302,0.47,0.36,0.45,-0.99,0.55,0.08,-0.05,0.88
Owen Caissie,600,68,19,71,170,219,7,0.318,0.45,0.26,0.42,-0.91,0.55,0.11,-0.01,0.88
Jordan Walker,600,62,17,67,155,209,11,0.303,0.41,0.23,0.4,-0.83,0.53,0.17,-0.05,0.87
Tyler Stephenson,600,68,19,71,159,211,4,0.315,0.45,0.26,0.42,-0.85,0.53,0.06,-0.01,0.86
Jhostynxon Garcia,600,70,18,66,155,215,8,0.297,0.46,0.24,0.39,-0.83,0.54,0.12,-0.06,0.86
Freddy Fermin,600,61,15,63,122,200,4,0.3,0.41,0.2,0.38,-0.65,0.5,0.06,-0.05,0.85
Joey Bart,600,67,17,66,153,203,6,0.321,0.44,0.23,0.39,-0.82,0.51,0.1,0.0,0.85
Pedro Pagés,600,64,18,67,146,211,5,0.295,0.42,0.25,0.4,-0.78,0.53,0.08,-0.07,0.84
Denzel Clarke,600,72,15,66,177,204,16,0.304,0.48,0.2,0.39,-0.95,0.51,0.26,-0.04,0.84
Edouard Julien,600,69,16,63,162,200,8,0.336,0.46,0.22,0.37,-0.87,0.5,0.12,0.05,0.84
Bryce Eldridge,600,62,22,77,169,220,4,0.304,0.41,0.31,0.46,-0.91,0.55,0.07,-0.04,0.84
Chris Taylor,600,69,16,65,160,202,11,0.304,0.46,0.22,0.38,-0.86,0.51,0.17,-0.04,0.84
Zach Cole,600,71,21,73,197,216,14,0.301,0.47,0.28,0.44,-1.06,0.54,0.22,-0.05,0.83
Carlos Narváez,600,65,17,67,150,202,5,0.311,0.43,0.23,0.4,-0.8,0.51,0.08,-0.02,0.82
Blaze Alexander,600,65,15,66,168,201,11,0.315,0.43,0.21,0.39,-0.9,0.5,0.17,-0.01,0.78
Christian Moore,600,68,16,65,174,201,11,0.304,0.45,0.22,0.39,-0.93,0.5,0.17,-0.04,0.75
Brady House,600,64,16,70,159,214,6,0.287,0.42,0.23,0.42,-0.85,0.54,0.1,-0.09,0.75
Gabriel Arias,600,63,18,65,173,212,11,0.291,0.42,0.24,0.39,-0.93,0.53,0.16,-0.08,0.74
Griffin Conine,600,67,20,71,177,211,4,0.306,0.45,0.27,0.42,-0.95,0.53,0.07,-0.04,0.74
Ryan McMahon,600,65,20,68,181,201,5,0.306,0.43,0.28,0.41,-0.97,0.5,0.07,-0.04,0.68
Patrick Bailey,600,62,13,62,153,192,4,0.294,0.41,0.18,0.37,-0.82,0.48,0.07,-0.07,0.62
