Name,Type,GS,G,IP,IP_wk,L_wk,SV_wk,HLD_wk,K_wk,QS_wk,ER_wk,WH_wk,ERA,WHIP,WAR
Tarik Skubal,SP,29.6,,189.5,7.03,0.259,0,0,8.48,0.673,2.17,6.854,2.778,0.975,5.8
Paul Skenes,SP,30.1,,186.4,6.81,0.298,0,0,8.19,0.643,2.091,6.96,2.762,1.022,5.74
Garrett Crochet,SP,29.2,,179.9,6.77,0.305,0,0,8.28,0.583,2.312,7.197,3.074,1.063,4.98
Logan Webb,SP,30.2,,195.1,7.12,0.369,0,0,6.69,0.626,2.645,8.411,3.345,1.182,4.79
Cristopher Sánchez,SP,29.1,,185.6,7.03,0.291,0,0,6.77,0.625,2.491,8.102,3.191,1.153,4.45
Chris Sale,SP,25.7,,158.6,6.78,0.283,0,0,8.35,0.609,2.416,7.335,3.205,1.081,3.98
Cole Ragans,SP,25.8,,151.2,6.45,0.337,0,0,7.95,0.547,2.367,7.402,3.301,1.147,3.7
Yoshinobu Yamamoto,SP,26.4,,158.1,6.58,0.274,0,0,7.07,0.566,2.395,7.369,3.273,1.119,3.63
Max Fried,SP,28.9,,181.1,6.9,0.307,0,0,6.51,0.602,2.528,8.093,3.3,1.174,3.61
Dylan Cease,SP,29.4,,172.7,6.46,0.36,0,0,7.62,0.476,2.694,7.829,3.755,1.213,3.59
Sonny Gray,SP,29.0,,175.1,6.64,0.342,0,0,6.97,0.526,2.797,7.812,3.789,1.176,3.58
Hunter Brown,SP,29.4,,178.2,6.66,0.333,0,0,7.22,0.585,2.636,7.808,3.56,1.172,3.55
Jesús Luzardo,SP,28.3,,170.1,6.61,0.34,0,0,7.28,0.533,2.642,7.714,3.595,1.166,3.53
Hunter Greene,SP,28.3,,170.7,6.63,0.341,0,0,7.92,0.552,2.737,7.504,3.717,1.132,3.51
Jacob deGrom,SP,26.0,,155.4,6.56,0.299,0,0,7.42,0.51,2.477,6.836,3.398,1.042,3.44
Bryan Woo,SP,29.3,,182.6,6.85,0.305,0,0,6.89,0.573,2.607,7.084,3.425,1.034,3.39
Logan Gilbert,SP,28.1,,166.3,6.51,0.337,0,0,7.27,0.527,2.474,6.786,3.418,1.042,3.3
Framber Valdez,SP,26.7,,163.6,6.73,0.37,0,0,6.35,0.596,2.62,8.38,3.505,1.245,3.23
Joe Ryan,SP,28.3,,171.2,6.66,0.369,0,0,7.29,0.533,2.844,7.281,3.844,1.094,3.2
Ranger Suárez,SP,27.2,,165.3,6.68,0.354,0,0,5.99,0.547,2.763,8.283,3.722,1.24,3.19
Nathan Eovaldi,SP,26.0,,159.9,6.78,0.332,0,0,6.57,0.578,2.699,7.51,3.585,1.108,3.11
George Kirby,SP,27.9,,166.0,6.55,0.36,0,0,6.39,0.539,2.629,7.207,3.613,1.101,3.1
Kevin Gausman,SP,29.4,,181.6,6.8,0.375,0,0,6.65,0.52,3.069,8.176,4.059,1.202,3.08
Kyle Bradish,SP,24.6,,139.2,6.23,0.313,0,0,6.75,0.475,2.498,7.303,3.612,1.173,2.96
Chase Burns,SP,24.0,,130.6,5.99,0.332,0,0,7.07,0.422,2.42,7.075,3.633,1.18,2.94
Spencer Schwellenbach,SP,24.4,,152.4,6.87,0.317,0,0,6.68,0.594,2.752,7.64,3.607,1.113,2.91
Brandon Woodruff,SP,25.0,,148.1,6.51,0.315,0,0,6.96,0.486,2.708,7.265,3.743,1.116,2.89
Pablo López,SP,26.5,,158.4,6.57,0.342,0,0,6.53,0.502,2.796,7.792,3.832,1.187,2.88
Freddy Peralta,SP,28.4,,165.1,6.39,0.319,0,0,7.13,0.478,2.666,7.536,3.757,1.18,2.88
Blake Snell,SP,24.0,,139.6,6.41,0.303,0,0,7.82,0.54,2.447,7.661,3.436,1.195,2.84
Michael King,SP,28.2,,159.1,6.22,0.334,0,0,6.46,0.441,2.596,7.619,3.759,1.226,2.79
Eury Pérez,SP,26.5,,148.1,6.14,0.36,0,0,6.88,0.385,2.61,7.138,3.824,1.162,2.74
Nick Pivetta,SP,29.1,,173.9,6.56,0.341,0,0,7.15,0.52,2.879,7.569,3.947,1.153,2.69
José Soriano,SP,29.6,,168.2,6.26,0.378,0,0,5.79,0.481,2.585,8.271,3.717,1.322,2.68
Zack Wheeler,SP,19.6,,120.1,6.75,0.283,0,0,7.73,0.603,2.47,7.261,3.295,1.076,2.67
Drew Rasmussen,SP,28.5,,153.2,5.9,0.306,0,0,5.35,0.388,2.468,6.92,3.763,1.172,2.65
Jack Flaherty,SP,27.8,,158.7,6.27,0.385,0,0,6.88,0.467,2.805,7.753,4.024,1.236,2.61
Kris Bubic,SP,22.7,,135.1,6.55,0.375,0,0,6.36,0.492,2.717,8.069,3.732,1.232,2.52
MacKenzie Gore,SP,28.0,,156.7,6.16,0.409,0,0,6.88,0.469,2.667,7.799,3.9,1.267,2.5
Tyler Glasnow,SP,22.7,,131.0,6.36,0.288,0,0,7.44,0.527,2.584,7.421,3.654,1.166,2.42
Tanner Bibee,SP,29.1,,175.8,6.63,0.375,0,0,6.17,0.462,2.989,8.125,4.055,1.225,2.41
Trevor Rogers,SP,26.9,,160.2,6.55,0.356,0,0,5.69,0.482,2.944,8.338,4.046,1.273,2.4
Spencer Strider,SP,25.7,,151.6,6.5,0.344,0,0,7.48,0.473,2.805,7.893,3.886,1.215,2.4
Matthew Boyd,SP,26.4,,155.3,6.46,0.363,0,0,5.88,0.496,2.802,7.776,3.904,1.204,2.37
Sandy Alcantara,SP,28.2,,173.6,6.77,0.431,0,0,5.69,0.474,3.139,8.629,4.171,1.274,2.35
Nick Lodolo,SP,26.0,,147.2,6.22,0.343,0,0,6.3,0.465,2.783,7.422,4.027,1.193,2.34
Shohei Ohtani,SP,21.0,,108.0,5.66,0.251,0,0,6.67,0.428,2.125,6.27,3.379,1.108,2.32
Aaron Nola,SP,27.4,,165.7,6.65,0.399,0,0,6.38,0.498,3.147,8.261,4.258,1.242,2.31
Mitch Keller,SP,29.5,,175.7,6.55,0.428,0,0,5.71,0.498,3.209,8.452,4.411,1.291,2.3
Brady Singer,SP,28.8,,166.9,6.39,0.415,0,0,5.87,0.454,3.153,8.322,4.443,1.303,2.29
David Peterson,SP,27.4,,160.4,6.43,0.291,0,0,5.71,0.514,2.759,8.597,3.86,1.336,2.28
Nolan McLean,SP,25.3,,147.0,6.38,0.321,0,0,6.3,0.47,2.597,7.997,3.664,1.254,2.27
Shane McClanahan,SP,21.8,,127.8,6.45,0.334,0,0,6.77,0.513,2.6,7.568,3.629,1.174,2.27
Luis Castillo,SP,28.8,,174.2,6.65,0.384,0,0,6.21,0.533,2.896,7.934,3.916,1.192,2.27
Andrew Abbott,SP,27.5,,162.5,6.5,0.377,0,0,5.94,0.43,3.125,8.253,4.33,1.271,2.26
Merrill Kelly,SP,28.3,,172.7,6.71,0.331,0,0,6.01,0.52,3.083,8.37,4.133,1.247,2.23
Emmet Sheehan,SP,21.5,,130.4,6.67,0.287,0,0,7.52,0.362,2.89,7.637,3.901,1.145,2.19
Casey Mize,SP,27.0,,150.8,6.15,0.355,0,0,5.3,0.409,2.828,7.719,4.142,1.256,2.17
Yusei Kikuchi,SP,29.1,,169.1,6.39,0.383,0,0,6.45,0.441,2.988,8.254,4.212,1.293,2.17
Shane Bieber,SP,21.9,,130.7,6.56,0.323,0,0,6.03,0.478,2.779,7.801,3.814,1.19,2.15
Bubba Chandler,SP,24.2,,142.6,6.49,0.344,0,0,6.13,0.413,3.048,8.305,4.23,1.281,2.13
Michael Wacha,SP,27.5,,163.9,6.57,0.409,0,0,5.04,0.467,3.212,8.468,4.401,1.289,2.12
Reese Olson,SP,23.2,,128.8,6.12,0.349,0,0,5.66,0.407,2.642,7.624,3.885,1.246,2.12
Joe Musgrove,SP,24.4,,141.6,6.38,0.367,0,0,6.04,0.498,2.789,7.677,3.936,1.204,2.11
Trey Yesavage,SP,23.9,,134.8,6.2,0.317,0,0,6.8,0.398,2.678,7.715,3.889,1.245,2.11
Shane Baz,SP,27.5,,159.0,6.37,0.373,0,0,6.3,0.466,2.928,7.955,4.139,1.249,2.05
Clay Holmes,SP,27.7,,150.8,5.99,0.348,0,0,4.91,0.353,2.621,7.971,3.934,1.33,2.01
Cody Ponce,SP,21.8,,133.0,6.71,0.376,0,0,6.84,0.454,3.019,8.429,4.048,1.256,1.98
Zac Gallen,SP,27.4,,159.1,6.39,0.404,0,0,6.1,0.487,3.031,8.232,4.271,1.289,1.98
Robbie Ray,SP,28.4,,168.4,6.52,0.398,0,0,6.82,0.457,3.088,8.357,4.261,1.281,1.97
Braxton Ashcraft,SP,21.5,,131.8,6.76,0.357,0,0,5.96,0.327,2.967,8.714,3.95,1.289,1.95
Grayson Rodriguez,SP,19.7,,114.4,6.38,0.383,0,0,6.7,0.486,2.796,7.931,3.941,1.242,1.94
Shota Imanaga,SP,25.2,,152.5,6.65,0.333,0,0,6.02,0.512,2.981,7.587,4.037,1.142,1.93
Gavin Williams,SP,28.1,,162.0,6.33,0.349,0,0,6.42,0.437,2.865,8.19,4.071,1.293,1.9
Braxton Garrett,SP,19.8,,117.6,6.54,0.355,0,0,5.81,0.413,2.931,7.944,4.034,1.215,1.88
Edward Cabrera,SP,24.5,,134.0,6.02,0.346,0,0,6.38,0.391,2.694,7.592,4.029,1.262,1.86
Chris Bassitt,SP,25.8,,144.3,6.16,0.375,0,0,5.64,0.453,2.868,8.062,4.192,1.31,1.86
Quinn Priester,SP,27.9,,162.2,6.4,0.355,0,0,5.17,0.429,2.956,8.342,4.158,1.304,1.83
Ryan Pepiot,SP,29.5,,166.8,6.22,0.375,0,0,6.27,0.444,2.891,7.632,4.183,1.227,1.83
Cam Schlittler,SP,24.1,,135.4,6.19,0.347,0,0,6.14,0.431,2.697,7.872,3.92,1.271,1.8
Carlos Rodón,SP,24.1,,143.5,6.56,0.387,0,0,6.97,0.499,2.985,8.02,4.094,1.222,1.79
Sean Manaea,SP,22.9,,136.0,6.53,0.361,0,0,6.77,0.416,2.975,7.75,4.103,1.187,1.79
Cade Cavalli,SP,24.2,,140.9,6.39,0.394,0,0,5.36,0.428,2.932,8.57,4.127,1.34,1.78
Bailey Ober,SP,24.1,,142.1,6.48,0.378,0,0,5.9,0.445,3.177,7.735,4.413,1.194,1.78
Brayan Bello,SP,26.9,,155.4,6.37,0.38,0,0,5.2,0.46,3.055,8.494,4.318,1.334,1.77
Jacob Misiorowski,SP,24.6,,137.9,6.17,0.322,0,0,6.99,0.386,2.752,7.823,4.017,1.269,1.77
Jack Leiter,SP,28.5,,156.7,6.05,0.388,0,0,5.8,0.359,2.92,7.778,4.343,1.285,1.76
Logan Henderson,SP,19.7,,118.5,6.61,0.352,0,0,6.68,0.413,2.976,7.86,4.053,1.189,1.74
Foster Griffin,SP,20.8,,123.7,6.54,0.36,0,0,5.93,0.469,2.95,8.286,4.059,1.267,1.72
Brandon Pfaadt,SP,28.8,,168.7,6.45,0.388,0,0,5.6,0.437,3.282,8.164,4.581,1.266,1.7
Michael McGreevy,SP,24.1,,146.8,6.7,0.366,0,0,4.51,0.47,3.102,8.579,4.168,1.281,1.7
Shane Smith,SP,28.1,,158.4,6.21,0.377,0,0,6.02,0.392,2.887,7.827,4.185,1.261,1.7
Jameson Taillon,SP,26.0,,155.0,6.55,0.396,0,0,5.05,0.49,3.221,8.077,4.427,1.233,1.69
Tatsuya Imai,SP,25.4,,151.9,6.57,0.361,0,0,6.47,0.468,3.11,8.575,4.259,1.305,1.68
Reid Detmers,SP,21.3,,129.8,6.71,0.432,0,0,7.32,0.341,3.195,8.657,4.285,1.29,1.65
Cade Horton,SP,23.2,,128.8,6.11,0.312,0,0,5.25,0.369,2.742,7.503,4.042,1.229,1.65
Zebby Matthews,SP,20.4,,121.2,6.54,0.405,0,0,6.32,0.367,3.012,8.06,4.147,1.233,1.64
Tyler Mahle,SP,22.8,,129.7,6.26,0.372,0,0,5.2,0.411,2.87,7.969,4.124,1.272,1.62
Jeffrey Springs,SP,28.4,,162.3,6.28,0.368,0,0,5.47,0.423,3.224,8.128,4.617,1.293,1.61
Noah Cameron,SP,25.1,,145.4,6.36,0.359,0,0,5.37,0.455,2.984,8.244,4.221,1.296,1.6
Gerrit Cole,SP,18.2,,108.8,6.57,0.309,0,0,6.64,0.5,2.892,7.869,3.959,1.197,1.59
Ryne Nelson,SP,28.0,,160.2,6.29,0.305,0,0,5.13,0.456,3.057,8.012,4.375,1.274,1.58
Seth Lugo,SP,26.2,,156.2,6.55,0.365,0,0,5.54,0.508,3.204,8.559,4.401,1.307,1.57
Landen Roupp,SP,22.3,,121.0,5.98,0.357,0,0,5.53,0.367,2.748,8.049,4.138,1.347,1.56
Zack Littell,SP,26.0,,147.6,6.23,0.362,0,0,4.77,0.453,3.069,7.752,4.432,1.244,1.55
Matthew Liberatore,SP,26.8,,145.6,5.98,0.384,0,0,4.87,0.395,2.952,7.861,4.442,1.314,1.53
Dustin May,SP,23.2,,137.0,6.48,0.434,0,0,5.81,0.43,3.093,8.48,4.294,1.308,1.53
Joey Cantillo,SP,18.8,,123.5,7.23,0.446,0,0,7.51,0.365,3.175,9.453,3.952,1.308,1.5
Chad Patrick,SP,24.4,,131.0,5.92,0.348,0,0,5.57,0.357,2.842,7.613,4.322,1.286,1.5
Steven Matz,SP,20.5,,127.1,6.81,0.33,0,0,5.49,0.357,3.261,8.774,4.308,1.288,1.49
Bryce Miller,SP,25.3,,144.0,6.27,0.367,0,0,5.59,0.396,2.966,7.637,4.256,1.218,1.49
Kyle Freeland,SP,28.9,,168.9,6.42,0.489,0,0,4.67,0.419,3.703,9.094,5.191,1.416,1.49
Adrian Houser,SP,24.7,,138.7,6.17,0.336,0,0,4.43,0.403,3.033,8.535,4.424,1.383,1.49
Eduardo Rodriguez,SP,23.9,,134.3,6.17,0.398,0,0,5.44,0.384,3.087,8.4,4.502,1.361,1.48
Parker Messick,SP,21.8,,119.0,6.01,0.323,0,0,5.38,0.432,2.69,7.709,4.026,1.282,1.47
Kodai Senga,SP,19.3,,112.2,6.41,0.325,0,0,6.55,0.384,2.835,8.307,3.982,1.296,1.45
Dean Kremer,SP,26.6,,152.8,6.33,0.37,0,0,5.32,0.401,3.162,8.131,4.499,1.285,1.44
Mason Miller,RP,,59.3,65.9,2.63,0.097,1.285,0.148,4.06,0,0.737,2.593,2.519,0.984,1.44
Nick Martinez,SP,23.1,,133.9,6.37,0.384,0,0,4.79,0.459,3.166,8.225,4.473,1.291,1.41
Luis Severino,SP,29.0,,172.2,6.54,0.407,0,0,5.24,0.442,3.387,8.735,4.661,1.336,1.41
Andre Pallante,SP,24.6,,138.0,6.16,0.424,0,0,4.22,0.401,3.012,8.718,4.4,1.415,1.4
Justin Verlander,SP,21.8,,118.1,5.97,0.388,0,0,5.09,0.411,2.969,7.763,4.473,1.299,1.39
Reynaldo López,SP,18.9,,113.7,6.6,0.321,0,0,6.46,0.438,2.947,8.445,4.017,1.279,1.38
Zach Eflin,SP,24.7,,142.2,6.34,0.364,0,0,4.9,0.454,3.13,7.861,4.44,1.239,1.37
Hunter Barco,SP,14.0,,99.4,7.8,0.388,0,0,6.99,0.42,3.534,10.284,4.08,1.319,1.36
Mike Burrows,SP,23.1,,126.8,6.04,0.372,0,0,5.79,0.332,2.788,7.683,4.153,1.271,1.36
Taj Bradley,SP,17.7,,108.9,6.78,0.428,0,0,6.65,0.461,3.296,8.752,4.373,1.29,1.35
Jared Jones,SP,15.0,,86.5,6.36,0.383,0,0,6.55,0.484,2.84,7.812,4.017,1.228,1.34
Jacob Lopez,SP,23.4,,127.6,6.0,0.345,0,0,6.09,0.423,2.909,7.661,4.364,1.277,1.34
Cade Smith,RP,,67.7,70.2,2.81,0.143,1.22,0.169,3.62,0,0.929,2.959,2.978,1.054,1.34
Justin Steele,SP,13.6,,77.7,6.27,0.333,0,0,5.89,0.494,2.562,7.336,3.679,1.171,1.33
Max Meyer,SP,21.1,,124.5,6.51,0.393,0,0,5.95,0.418,3.088,8.54,4.27,1.312,1.32
Michael Soroka,SP,21.4,,133.2,6.84,0.424,0,0,6.67,0.326,3.274,8.722,4.306,1.274,1.31
Simeon Woods Richardson,SP,21.0,,120.1,6.28,0.339,0,0,5.72,0.321,3.25,8.44,4.655,1.343,1.3
Robby Snelling,SP,16.5,,96.2,6.41,0.412,0,0,5.52,0.52,2.919,8.614,4.099,1.344,1.27
Will Warren,SP,20.6,,121.6,6.49,0.42,0,0,6.45,0.351,3.058,8.522,4.239,1.312,1.27
Ryan Weathers,SP,20.9,,124.5,6.56,0.373,0,0,6.23,0.388,2.898,8.213,3.978,1.253,1.25
Brad Lord,SP,22.1,,134.0,6.68,0.447,0,0,5.2,0.436,3.23,8.936,4.353,1.338,1.24
Roki Sasaki,SP,16.8,,113.6,7.45,0.364,0,0,7.09,0.484,3.467,9.827,4.191,1.32,1.22
Lucas Giolito,SP,25.0,,137.7,6.06,0.348,0,0,5.46,0.447,3.066,8.232,4.551,1.358,1.18
Connelly Early,SP,8.3,,62.5,8.31,0.511,0,0,8.59,0.419,3.324,10.204,3.6,1.228,1.16
Troy Melton,SP,17.5,,116.0,7.29,0.407,0,0,6.23,0.419,3.363,9.267,4.154,1.272,1.14
Jhoan Duran,RP,,66.1,67.8,2.71,0.165,1.301,0.127,3.12,0,0.883,3.056,2.927,1.126,1.14
Ian Seymour,SP,16.6,,104.4,6.94,0.406,0,0,6.56,0.384,3.273,8.641,4.246,1.245,1.1
José Berríos,SP,17.6,,119.7,7.48,0.417,0,0,6.38,0.469,3.585,9.509,4.315,1.272,1.1
Grant Taylor,RP,,67.0,74.4,2.97,0.132,0.36,0.362,3.56,0,1.134,3.634,3.43,1.222,1.09
Griffin Jax,RP,,65.2,66.5,2.66,0.17,0.612,0.555,3.33,0,0.965,2.933,3.265,1.102,1.08
Edwin Díaz,RP,,63.4,66.5,2.66,0.125,1.472,0.099,3.63,0,0.904,2.835,3.059,1.065,1.08
Cristian Javier,SP,25.2,,139.2,6.08,0.386,0,0,5.48,0.388,3.256,8.187,4.816,1.346,1.07
Hurston Waldrep,SP,24.3,,136.3,6.17,0.325,0,0,5.39,0.415,3.028,8.68,4.418,1.407,1.07
Andrew Alvarez,SP,13.8,,98.7,7.86,0.401,0,0,5.88,0.427,3.579,10.674,4.097,1.358,1.06
Kumar Rocker,SP,18.0,,98.2,5.98,0.379,0,0,5.2,0.335,2.878,7.695,4.328,1.286,1.06
Drew Anderson,SP,11.7,,89.7,8.4,0.494,0,0,9.1,0.504,3.825,11.051,4.097,1.315,1.06
Ryan Feltner,SP,19.8,,114.6,6.37,0.38,0,0,5.21,0.367,3.626,9.183,5.125,1.442,1.05
Aaron Civale,SP,20.1,,107.5,5.89,0.375,0,0,5.12,0.334,2.991,7.73,4.569,1.312,1.04
Slade Cecconi,SP,25.9,,144.5,6.14,0.386,0,0,5.04,0.4,3.162,7.769,4.633,1.265,1.03
Bryan Abreu,RP,,65.3,68.3,2.73,0.11,0.301,0.896,3.62,0,0.971,3.193,3.198,1.169,1.0
Jacob Latz,SP,15.1,,108.2,7.86,0.302,0,0,7.24,0.379,3.66,10.618,4.192,1.351,0.99
Anthony Kay,SP,22.7,,129.3,6.28,0.423,0,0,4.99,0.442,3.079,8.664,4.414,1.38,0.99
Aroldis Chapman,RP,,58.5,58.6,2.34,0.14,1.208,0.116,3.23,0,0.793,2.66,3.043,1.135,0.99
Patrick Sandoval,SP,10.6,,74.0,7.71,0.504,0,0,7.26,0.411,3.48,10.571,4.063,1.371,0.98
Hunter Dobbins,SP,14.6,,92.7,6.99,0.399,0,0,5.19,0.38,3.377,9.301,4.351,1.331,0.97
Johan Oviedo,SP,14.3,,95.7,7.34,0.402,0,0,6.98,0.347,3.461,9.717,4.243,1.324,0.97
Max Scherzer,SP,17.4,,92.7,5.86,0.384,0,0,5.6,0.383,3.062,7.313,4.699,1.247,0.97
Logan Allen,SP,21.3,,117.6,6.08,0.388,0,0,4.88,0.333,3.075,8.44,4.554,1.389,0.96
J.T. Ginn,SP,14.2,,85.2,6.61,0.383,0,0,6.05,0.281,3.095,8.709,4.213,1.317,0.96
Patrick Corbin,SP,23.2,,124.3,5.9,0.397,0,0,4.69,0.351,3.139,8.218,4.785,1.392,0.94
Michael Lorenzen,SP,22.6,,144.4,7.04,0.505,0,0,5.59,0.384,4.131,10.207,5.283,1.45,0.93
Martín Pérez,SP,19.0,,105.7,6.12,0.376,0,0,4.71,0.377,3.092,8.546,4.548,1.397,0.93
Kyle Wright,SP,14.8,,85.2,6.34,0.361,0,0,5.31,0.376,3.143,8.642,4.459,1.362,0.93
Miles Mikolas,SP,24.1,,129.2,5.9,0.391,0,0,4.02,0.363,3.167,7.752,4.832,1.314,0.92
Jeremiah Estrada,RP,,66.8,68.4,2.74,0.123,0.135,1.001,3.6,0,1.025,3.176,3.371,1.16,0.92
Abner Uribe,RP,,65.5,67.9,2.72,0.116,0.699,0.649,3.18,0,0.956,3.296,3.168,1.214,0.91
Devin Williams,RP,,64.5,65.4,2.61,0.175,1.217,0.184,3.38,0,0.942,3.033,3.243,1.16,0.9
Davis Martin,SP,26.0,,146.7,6.2,0.427,0,0,4.78,0.381,3.216,8.461,4.671,1.365,0.89
Kyle Leahy,SP,17.5,,120.3,7.57,0.391,0,0,6.08,0.365,3.904,10.604,4.642,1.401,0.88
Rhett Lowder,SP,10.7,,78.0,8.03,0.446,0,0,6.46,0.405,3.818,10.564,4.281,1.316,0.87
Andrew Painter,SP,17.9,,104.8,6.42,0.415,0,0,5.45,0.407,3.254,8.956,4.559,1.394,0.87
JP Sears,SP,23.8,,132.6,6.14,0.417,0,0,5.14,0.364,3.135,7.75,4.598,1.263,0.87
Josh Hader,RP,,59.0,62.6,2.5,0.146,1.362,0.11,3.4,0,0.904,2.675,3.248,1.068,0.87
Garrett Whitlock,RP,,58.0,65.4,2.62,0.125,0.162,0.791,2.89,0,0.982,2.999,3.379,1.146,0.85
Chris Paddack,SP,17.4,,95.5,6.04,0.335,0,0,4.73,0.297,3.228,7.949,4.809,1.316,0.84
Alex Cobb,SP,9.9,,55.5,6.17,0.352,0,0,5.0,0.439,2.727,8.026,3.974,1.3,0.84
Brandon Sproat,SP,11.0,,72.9,7.29,0.407,0,0,6.16,0.429,3.406,9.525,4.202,1.306,0.83
Griffin Canning,SP,22.0,,117.5,5.88,0.378,0,0,5.08,0.336,2.956,8.137,4.522,1.383,0.81
Jose Quintana,SP,19.1,,105.6,6.08,0.405,0,0,4.39,0.399,3.19,8.857,4.723,1.457,0.81
Carmen Mlodzinski,SP,8.0,,68.4,9.4,0.529,0,0,8.15,0.217,4.176,12.229,4.0,1.301,0.8
Tanner Gordon,SP,23.1,,129.3,6.16,0.467,0,0,4.37,0.354,3.856,8.818,5.638,1.433,0.8
Grant Holmes,SP,12.0,,83.2,7.61,0.407,0,0,7.68,0.435,3.494,10.002,4.13,1.314,0.8
David Bednar,RP,,62.9,64.4,2.58,0.175,1.235,0.153,3.05,0,0.975,2.93,3.407,1.137,0.8
Matt Strahm,RP,,62.8,66.0,2.64,0.123,0.105,0.813,2.89,0,1.04,2.989,3.544,1.132,0.8
Andrés Muñoz,RP,,60.7,62.9,2.51,0.136,1.335,0.135,3.12,0,0.812,2.835,2.906,1.127,0.8
Lance McCullers Jr.,SP,17.1,,94.6,6.09,0.366,0,0,5.78,0.376,3.107,8.728,4.593,1.434,0.79
Luis Morales,SP,20.4,,113.7,6.12,0.348,0,0,5.25,0.389,3.184,8.251,4.682,1.348,0.79
Joe Boyle,SP,16.1,,93.8,6.4,0.381,0,0,6.79,0.32,3.097,8.815,4.356,1.378,0.79
Janson Junk,SP,11.4,,93.2,9.0,0.434,0,0,6.48,0.356,4.713,11.838,4.715,1.316,0.78
Will Vest,RP,,62.4,66.1,2.65,0.144,0.314,0.588,2.68,0,0.983,3.176,3.346,1.201,0.78
Ben Brown,RP,,33.5,54.7,2.19,0.127,0.001,0.044,2.45,0,0.893,2.606,3.672,1.19,0.78
Jordan Montgomery,SP,13.6,,74.9,6.07,0.38,0,0,4.61,0.411,3.107,8.366,4.602,1.377,0.77
Luis Gil,SP,13.4,,97.7,7.99,0.406,0,0,7.89,0.451,3.72,10.631,4.19,1.331,0.76
Randy Vásquez,SP,26.2,,138.6,5.82,0.368,0,0,3.87,0.323,3.159,8.212,4.884,1.411,0.75
Marcus Stroman,SP,19.7,,107.5,6.01,0.383,0,0,4.28,0.342,3.219,8.738,4.818,1.453,0.75
Jon Gray,SP,13.1,,74.0,6.19,0.384,0,0,5.27,0.381,3.238,8.227,4.71,1.33,0.75
Adrian Morejon,RP,,64.4,67.5,2.7,0.155,0.111,0.712,2.68,0,1.038,3.232,3.461,1.198,0.75
Orion Kerkering,RP,,61.9,63.1,2.52,0.148,0.067,0.678,2.68,0,0.989,3.107,3.527,1.232,0.74
Hunter Harvey,RP,,50.6,53.0,2.12,0.078,0.162,0.512,2.25,0,0.808,2.44,3.431,1.15,0.74
José Alvarado,RP,,56.0,57.6,2.3,0.132,0.183,0.564,2.59,0,0.902,2.847,3.523,1.236,0.73
Trevor Megill,RP,,61.1,64.1,2.56,0.135,0.831,0.343,3.08,0,0.995,3.001,3.492,1.17,0.73
Sean Burke,SP,26.6,,145.2,6.01,0.374,0,0,5.59,0.346,3.241,8.418,4.851,1.4,0.72
Robert Gasser,SP,9.6,,75.9,8.67,0.496,0,0,7.69,0.408,3.921,10.902,4.071,1.258,0.71
Matt Brash,RP,,59.8,60.8,2.43,0.124,0.163,0.82,2.88,0,0.849,2.941,3.144,1.21,0.7
Pete Fairbanks,RP,,60.5,62.9,2.51,0.147,1.026,0.128,2.57,0,1.0,3.024,3.581,1.203,0.69
Chase Dollander,SP,23.2,,125.1,5.93,0.479,0,0,5.03,0.302,3.659,8.839,5.557,1.492,0.68
David Festa,SP,5.3,,53.3,11.07,0.682,0,0,11.54,0.396,4.97,13.646,4.04,1.233,0.68
Chris Martin,RP,,51.1,52.6,2.1,0.117,0.195,0.558,2.09,0,0.8,2.386,3.425,1.134,0.68
Aaron Ashby,RP,,56.0,69.6,2.78,0.137,0.025,0.376,2.89,0,1.065,3.635,3.444,1.306,0.68
Jose A. Ferrer,RP,,62.4,65.3,2.61,0.095,0.162,0.765,2.41,0,0.973,3.064,3.354,1.174,0.67
Stephen Kolek,SP,8.1,,71.9,9.78,0.502,0,0,7.1,0.529,4.531,13.124,4.171,1.343,0.66
Robert Suarez,RP,,63.6,66.4,2.66,0.172,0.45,0.298,2.79,0,1.062,3.083,3.597,1.16,0.66
Gabe Speier,RP,,59.6,57.0,2.28,0.122,0.063,0.786,2.7,0,0.843,2.46,3.327,1.079,0.66
Kutter Crawford,SP,6.8,,76.9,12.42,0.736,0,0,12.17,0.673,5.786,14.658,4.192,1.18,0.65
Tomoyuki Sugano,SP,22.2,,120.5,5.98,0.422,0,0,3.98,0.364,3.2,8.048,4.819,1.346,0.65
Ryan Walker,RP,,60.7,63.3,2.53,0.175,1.02,0.138,2.63,0,1.013,3.089,3.601,1.22,0.65
Jeff Hoffman,RP,,62.4,63.7,2.55,0.155,1.055,0.163,3.02,0,1.016,2.98,3.588,1.169,0.64
Tyler Wells,SP,11.3,,86.8,8.46,0.46,0,0,7.48,0.473,4.147,10.205,4.413,1.207,0.63
Trevor McDonald,SP,8.7,,60.0,7.62,0.427,0,0,5.97,0.427,3.417,10.162,4.034,1.333,0.63
Charlie Morton,SP,14.2,,76.0,5.86,0.402,0,0,5.8,0.388,2.986,8.233,4.582,1.404,0.61
Colin Rea,SP,10.1,,83.3,9.04,0.482,0,0,7.35,0.398,4.349,11.597,4.327,1.282,0.61
Aaron Bummer,RP,,57.4,60.6,2.42,0.09,0.001,0.247,2.47,0,0.987,3.146,3.663,1.297,0.61
Austin Gomber,SP,18.2,,101.6,6.13,0.477,0,0,4.31,0.331,3.474,8.424,5.104,1.375,0.6
Cody Bradford,SP,7.3,,55.5,8.34,0.504,0,0,7.29,0.454,3.885,9.829,4.191,1.178,0.6
Ryan Helsley,RP,,61.5,64.6,2.58,0.151,1.152,0.109,2.91,0,1.024,3.168,3.569,1.227,0.6
Sean Newcomb,SP,9.0,,87.5,10.66,0.463,0,0,9.69,0.36,4.925,14.514,4.159,1.362,0.59
Spencer Arrighetti,SP,15.1,,91.1,6.64,0.5,0,0,6.58,0.377,3.422,8.962,4.639,1.35,0.59
Alex Vesia,RP,,62.4,62.8,2.51,0.125,0.082,0.926,3.12,0,0.997,2.964,3.57,1.179,0.59
Fernando Cruz,RP,,59.0,60.6,2.43,0.157,0.055,0.814,3.25,0,0.994,2.961,3.686,1.221,0.59
Ryan Weiss,SP,9.1,,73.0,8.85,0.518,0,0,8.6,0.439,4.306,11.871,4.377,1.341,0.58
Tanner Scott,RP,,63.1,65.1,2.61,0.148,0.204,0.733,2.92,0,1.026,3.245,3.543,1.246,0.58
Lucas Erceg,RP,,59.3,62.6,2.5,0.175,0.165,0.592,2.41,0,1.011,3.15,3.632,1.258,0.58
Jonah Tong,SP,6.0,,38.5,7.04,0.461,0,0,7.62,0.392,2.946,8.783,3.768,1.248,0.57
Thomas White,SP,9.1,,53.1,6.45,0.409,0,0,6.36,0.577,3.01,8.918,4.203,1.383,0.57
Corbin Burnes,SP,6.6,,39.2,6.5,0.333,0,0,6.23,0.566,2.696,7.971,3.735,1.227,0.57
Daniel Palencia,RP,,63.0,66.5,2.66,0.15,1.12,0.2,2.93,0,1.091,3.33,3.689,1.251,0.57
Bryan King,RP,,63.7,64.9,2.6,0.108,0.012,0.669,2.57,0,1.047,3.09,3.63,1.19,0.57
Garrett Cleavinger,RP,,63.6,63.2,2.53,0.146,0.291,0.866,3.06,0,0.97,2.943,3.45,1.163,0.56
Louis Varland,RP,,59.5,67.1,2.68,0.13,0.153,0.619,2.69,0,1.125,3.277,3.773,1.221,0.56
Raisel Iglesias,RP,,63.6,66.1,2.65,0.141,1.108,0.156,2.79,0,1.078,3.035,3.666,1.147,0.56
Matt Svanson,RP,,60.0,66.8,2.67,0.077,0.189,0.376,2.51,0,1.079,3.398,3.637,1.273,0.56
A.J. Minter,RP,,55.0,56.6,2.26,0.109,0.066,0.99,2.52,0,0.842,2.643,3.35,1.168,0.56
Jake Irvin,SP,22.9,,134.0,6.44,0.417,0,0,4.81,0.392,3.437,8.729,4.803,1.355,0.54
Payton Tolle,SP,6.1,,52.7,9.49,0.531,0,0,9.61,0.423,4.276,11.742,4.056,1.238,0.54
Richard Fitts,SP,16.5,,101.7,6.8,0.444,0,0,5.23,0.345,3.327,8.969,4.404,1.319,0.54
Tyler Anderson,SP,21.0,,116.3,6.1,0.381,0,0,4.69,0.357,3.296,8.629,4.867,1.416,0.54
Luis Medina,SP,15.3,,102.2,7.33,0.464,0,0,6.5,0.355,3.871,10.531,4.754,1.437,0.54
Sam Hentges,RP,,51.2,51.0,2.04,0.069,0.001,0.257,2.07,0,0.809,2.552,3.572,1.252,0.54
Jared Koenig,RP,,60.5,64.7,2.59,0.124,0.054,0.549,2.63,0,1.001,3.203,3.479,1.237,0.54
Bryce Elder,SP,11.8,,71.9,6.68,0.422,0,0,5.43,0.442,3.466,9.272,4.67,1.388,0.53
Dylan Lee,RP,,62.4,64.8,2.59,0.121,0.085,0.641,2.83,0,1.034,2.994,3.591,1.155,0.53
Mick Abel,SP,12.7,,95.5,8.26,0.495,0,0,7.58,0.411,4.261,11.468,4.645,1.389,0.52
Caleb Thielbar,RP,,63.6,62.3,2.49,0.113,0.043,0.688,2.57,0,1.045,2.977,3.774,1.194,0.52
Edwin Uceta,RP,,64.6,72.6,2.9,0.13,0.495,0.735,3.42,0,1.215,3.436,3.766,1.183,0.52
Sawyer Gipson-Long,RP,,33.5,56.0,2.24,0.104,0.0,0.156,2.02,0,1.017,2.728,4.084,1.217,0.51
Tyler Holton,RP,,63.7,71.2,2.85,0.133,0.036,0.589,2.39,0,1.134,3.271,3.584,1.148,0.51
Camilo Doval,RP,,62.2,63.8,2.55,0.147,0.195,0.647,2.82,0,1.036,3.371,3.652,1.321,0.51
Jimmy Herget,RP,,65.1,77.6,3.1,0.136,0.104,0.336,2.82,0,1.587,4.127,4.604,1.33,0.51
Robert Garcia,RP,,62.4,62.3,2.49,0.174,0.66,0.385,2.67,0,1.007,3.084,3.64,1.239,0.5
Gregory Soto,RP,,62.5,61.2,2.45,0.114,0.121,0.581,2.61,0,1.042,3.184,3.831,1.3,0.5
Shawn Armstrong,RP,,64.6,68.8,2.75,0.113,0.133,0.672,2.72,0,1.171,3.281,3.828,1.192,0.5
Cade Povich,SP,6.7,,47.3,7.73,0.474,0,0,7.49,0.308,3.722,10.074,4.335,1.304,0.49
Tyler Rogers,RP,,69.7,71.0,2.84,0.152,0.098,0.998,1.92,0,1.185,3.422,3.756,1.205,0.49
Cole Sands,RP,,61.8,66.9,2.68,0.124,0.168,0.53,2.6,0,1.199,3.302,4.032,1.233,0.49
Kevin Ginkel,RP,,58.2,60.5,2.42,0.127,0.281,0.311,2.46,0,1.089,3.06,4.054,1.265,0.49
Hayden Birdsong,SP,8.8,,59.6,7.47,0.448,0,0,7.45,0.222,3.747,10.526,4.514,1.409,0.48
Spencer Turnbull,SP,10.3,,56.4,6.02,0.391,0,0,4.74,0.318,3.186,8.591,4.76,1.426,0.47
Keider Montero,SP,10.6,,84.1,8.7,0.506,0,0,7.22,0.387,4.391,11.812,4.543,1.358,0.47
Graham Ashcraft,RP,,53.6,63.7,2.55,0.132,0.048,0.505,2.21,0,1.171,3.426,4.139,1.346,0.47
Brusdar Graterol,RP,,47.6,48.3,1.93,0.058,0.007,0.22,1.63,0,0.761,2.343,3.544,1.213,0.47
Phil Maton,RP,,64.1,65.2,2.61,0.115,0.224,0.657,2.79,0,1.082,3.16,3.736,1.212,0.46
Emilio Pagán,RP,,63.6,65.9,2.64,0.141,1.015,0.165,2.88,0,1.203,3.163,4.107,1.2,0.46
Tommy Nance,RP,,54.7,57.8,2.31,0.136,0.014,0.318,2.14,0,0.995,2.921,3.875,1.264,0.46
JoJo Romero,RP,,62.6,63.6,2.55,0.155,0.452,0.888,2.37,0,1.005,3.294,3.554,1.294,0.45
Drew Pomeranz,RP,,56.6,56.6,2.27,0.087,0.068,0.356,2.46,0,0.945,2.763,3.753,1.22,0.45
Steven Okert,RP,,62.5,63.2,2.53,0.095,0.003,0.387,2.8,0,1.132,3.04,4.03,1.203,0.45
Jordan Wicks,RP,,23.0,40.4,1.62,0.086,0.007,0.041,1.44,0,0.704,2.062,3.925,1.276,0.45
Germán Márquez,SP,19.6,,103.9,5.82,0.408,0,0,4.31,0.303,3.376,8.478,5.22,1.456,0.44
Paul Blackburn,RP,,40.8,59.9,2.4,0.125,0.002,0.188,2.05,0,1.146,3.1,4.303,1.294,0.44
Andrew Nardi,RP,,49.4,48.9,1.96,0.068,0.002,0.224,2.34,0,0.818,2.413,3.761,1.233,0.44
Bennett Sousa,RP,,46.8,49.6,1.98,0.061,0.042,0.188,2.14,0,0.807,2.344,3.66,1.182,0.44
Mitchell Parker,SP,9.7,,89.2,10.12,0.637,0,0,7.77,0.544,5.244,13.723,4.664,1.356,0.43
Andrew Kittredge,RP,,63.5,65.4,2.62,0.151,0.285,0.708,2.6,0,1.092,3.09,3.755,1.181,0.43
Blake Treinen,RP,,60.4,60.4,2.42,0.145,0.036,0.554,2.62,0,1.042,3.068,3.878,1.269,0.43
Brant Hurter,RP,,45.0,53.8,2.15,0.092,0.002,0.195,1.93,0,0.851,2.681,3.561,1.247,0.43
Kody Funderburk,RP,,59.9,64.5,2.58,0.092,0.19,0.532,2.45,0,1.094,3.448,3.819,1.337,0.43
Walker Buehler,SP,19.3,,103.2,5.87,0.404,0,0,4.58,0.298,3.269,8.58,5.009,1.461,0.42
Braydon Fisher,RP,,49.0,50.7,2.03,0.069,0.044,0.213,2.27,0,0.858,2.512,3.806,1.238,0.42
Bryan Baker,RP,,61.4,63.5,2.54,0.099,0.039,0.471,2.77,0,1.127,3.117,3.989,1.226,0.42
Brooks Raley,RP,,58.4,58.1,2.32,0.083,0.035,0.592,2.25,0,0.982,2.807,3.805,1.209,0.41
Seranthony Domínguez,RP,,59.3,59.2,2.37,0.148,0.392,0.508,2.69,0,1.006,3.046,3.826,1.287,0.41
Jason Adam,RP,,44.5,46.2,1.85,0.061,0.01,0.516,1.98,0,0.705,2.155,3.438,1.167,0.41
Jonathan Cannon,SP,17.1,,113.5,7.31,0.505,0,0,5.49,0.339,4.018,10.213,4.947,1.397,0.4
Connor Prielipp,RP,,44.2,59.6,2.38,0.129,0.0,0.154,2.26,0,1.071,3.271,4.043,1.372,0.4
Kyle Finnegan,RP,,60.6,63.1,2.53,0.17,0.198,0.538,2.38,0,1.085,3.175,3.868,1.257,0.4
Dennis Santana,RP,,63.9,67.4,2.7,0.129,0.969,0.273,2.49,0,1.202,3.401,4.013,1.262,0.4
Ricky Tiedemann,SP,5.3,,38.8,8.11,0.45,0,0,8.52,0.358,3.743,11.374,4.153,1.402,0.39
Tanner Banks,RP,,58.4,61.6,2.46,0.083,0.003,0.31,2.32,0,1.075,3.047,3.925,1.236,0.39
Justin Topa,RP,,60.7,62.9,2.51,0.142,0.327,0.509,2.09,0,1.124,3.307,4.024,1.315,0.39
Angel Zerpa,RP,,55.7,59.0,2.36,0.088,0.0,0.373,2.2,0,0.953,3.012,3.634,1.275,0.39
Erik Sabrowski,RP,,59.6,61.1,2.44,0.097,0.064,0.596,2.91,0,1.0,3.229,3.683,1.321,0.39
Brendon Little,RP,,53.1,53.1,2.12,0.077,0.003,0.541,2.26,0,0.829,2.925,3.513,1.378,0.39
Justin Slaten,RP,,54.4,59.4,2.38,0.135,0.05,0.335,2.21,0,1.063,2.983,4.025,1.254,0.38
Justin Wrobleski,RP,,31.2,51.0,2.04,0.097,0.009,0.124,1.9,0,0.936,2.62,4.131,1.285,0.38
Justin Wilson,RP,,43.9,42.6,1.71,0.057,0.004,0.299,1.83,0,0.705,2.108,3.719,1.236,0.37
Luke Weaver,RP,,61.6,69.2,2.77,0.167,0.199,0.767,2.97,0,1.179,3.261,3.835,1.179,0.37
Erik Miller,RP,,60.7,61.2,2.45,0.102,0.045,0.436,2.65,0,0.949,3.329,3.491,1.361,0.37
Brad Keller,RP,,57.2,64.9,2.6,0.15,0.213,0.71,2.39,0,1.068,3.304,3.702,1.273,0.37
Christian Scott,RP,,26.3,39.2,1.57,0.072,0.0,0.026,1.51,0,0.665,1.864,3.814,1.189,0.37
Eric Lauer,RP,,39.3,62.0,2.48,0.137,0.0,0.088,2.41,0,1.145,3.126,4.157,1.261,0.36
Yimi García,RP,,56.6,57.7,2.31,0.095,0.161,0.4,2.51,0,0.962,2.789,3.749,1.208,0.36
Kyle Harrison,RP,,29.6,46.5,1.86,0.082,0.0,0.064,1.9,0,0.833,2.406,4.03,1.294,0.36
Caleb Ferguson,RP,,56.9,56.8,2.27,0.094,0.003,0.357,2.15,0,1.024,3.034,4.059,1.336,0.36
Cal Quantrill,SP,13.5,,72.3,5.9,0.428,0,0,4.36,0.278,3.35,8.347,5.112,1.415,0.35
Ryan Bergert,SP,8.5,,64.3,8.28,0.333,0,0,7.16,0.301,4.136,11.213,4.494,1.354,0.35
Matt Gage,RP,,52.0,54.3,2.17,0.079,0.002,0.185,1.9,0,0.958,2.861,3.968,1.317,0.35
Eduard Bazardo,RP,,61.4,65.0,2.6,0.087,0.027,0.368,2.64,0,1.09,3.089,3.769,1.187,0.34
Kenley Jansen,RP,,57.3,59.2,2.37,0.133,0.927,0.106,2.41,0,1.04,2.839,3.952,1.199,0.34
Jack Dreyer,RP,,39.7,41.9,1.68,0.053,0.011,0.147,1.63,0,0.716,2.054,3.843,1.225,0.34
Kyle Hurt,RP,,14.5,31.8,1.27,0.051,0.0,0.062,1.28,0,0.583,1.667,4.125,1.31,0.34
Clarke Schmidt,RP,,14.4,30.1,1.21,0.061,0.0,0.032,1.2,0,0.508,1.478,3.797,1.227,0.34
Mark Leiter Jr.,RP,,64.4,65.3,2.61,0.128,0.227,0.433,2.77,0,1.211,3.416,4.169,1.307,0.33
Taylor Rogers,RP,,56.9,57.1,2.29,0.088,0.319,0.269,2.35,0,1.005,3.013,3.957,1.318,0.33
Justin Martinez,RP,,25.5,26.9,1.08,0.069,0.132,0.094,1.3,0,0.406,1.444,3.39,1.34,0.33
Tyler Kinley,RP,,59.8,60.9,2.44,0.108,0.079,0.34,2.56,0,1.132,3.107,4.184,1.276,0.33
Dietrich Enns,RP,,48.3,59.7,2.39,0.092,0.018,0.295,2.21,0,1.098,3.149,4.139,1.319,0.33
Hoby Milner,RP,,60.0,61.5,2.46,0.095,0.001,0.453,2.07,0,1.059,3.153,3.875,1.282,0.33
Kohl Drake,SP,6.2,,46.4,8.18,0.532,0,0,7.42,0.446,3.938,11.103,4.334,1.358,0.32
Danny Coulombe,RP,,43.2,42.4,1.7,0.049,0.015,0.194,1.68,0,0.701,2.111,3.718,1.244,0.32
John Schreiber,RP,,63.9,63.4,2.54,0.099,0.012,0.61,2.31,0,1.14,3.316,4.044,1.307,0.32
Juan Mejia,RP,,62.2,65.3,2.61,0.103,0.104,0.462,2.64,0,1.333,3.682,4.595,1.41,0.32
Hunter Gaddis,RP,,62.8,69.0,2.76,0.116,0.192,0.826,2.67,0,1.184,3.306,3.861,1.198,0.32
Joe Jiménez,RP,,38.5,40.0,1.6,0.068,0.001,0.162,1.78,0,0.665,1.905,3.746,1.192,0.32
McCade Brown,SP,15.9,,85.3,5.92,0.441,0,0,5.12,0.306,3.619,8.722,5.506,1.474,0.31
Cristian Mena,RP,,18.7,34.3,1.37,0.061,0.0,0.026,1.28,0,0.623,1.809,4.089,1.319,0.31
Justin Lawrence,RP,,55.5,59.4,2.37,0.095,0.032,0.45,2.29,0,1.056,3.255,4.003,1.371,0.31
Ryan Gusto,SP,5.1,,57.7,12.38,0.707,0,0,10.68,0.295,6.51,16.705,4.731,1.349,0.3
Drew Thorpe,SP,11.8,,63.6,5.95,0.381,0,0,4.45,0.404,3.166,8.052,4.79,1.354,0.3
Alek Manoah,SP,17.6,,97.6,6.11,0.383,0,0,5.26,0.383,3.278,8.875,4.825,1.451,0.3
Tobias Myers,RP,,36.1,56.3,2.25,0.099,0.0,0.082,1.95,0,1.003,2.856,4.009,1.268,0.3
Tony Santillan,RP,,67.0,68.2,2.73,0.141,0.212,0.694,2.86,0,1.258,3.658,4.154,1.342,0.3
Yennier Cano,RP,,50.4,50.2,2.01,0.125,0.057,0.389,1.88,0,0.864,2.633,3.873,1.311,0.3
A.J. Puk,RP,,27.5,29.1,1.17,0.051,0.091,0.122,1.33,0,0.468,1.381,3.613,1.185,0.3
Brenan Hanifee,RP,,51.4,56.7,2.27,0.087,0.001,0.312,1.68,0,0.981,2.943,3.89,1.297,0.3
José Urquidy,SP,15.8,,90.5,6.29,0.329,0,0,4.75,0.275,3.486,8.678,4.991,1.38,0.29
Jason Alexander,SP,7.5,,63.4,9.28,0.47,0,0,7.27,0.506,4.64,12.488,4.501,1.346,0.29
Quinn Mathews,SP,7.7,,42.6,6.12,0.421,0,0,5.33,0.502,2.961,9.325,4.356,1.524,0.29
Jovani Morán,RP,,46.1,48.5,1.94,0.067,0.001,0.188,1.99,0,0.845,2.602,3.922,1.342,0.29
Carlos Estévez,RP,,63.4,65.8,2.63,0.164,1.238,0.086,2.4,0,1.224,3.346,4.184,1.271,0.29
Riley O'Brien,RP,,60.7,63.9,2.55,0.107,0.6,0.546,2.56,0,1.066,3.439,3.755,1.346,0.29
Jakob Junis,RP,,56.2,62.3,2.49,0.07,0.015,0.272,2.18,0,1.109,3.042,4.004,1.22,0.29
Coleman Crow,RP,,15.0,22.1,0.88,0.035,0.0,0.028,0.92,0,0.367,1.061,3.739,1.2,0.29
Robert Stephenson,RP,,56.9,59.0,2.36,0.089,0.37,0.296,2.56,0,1.045,2.824,3.988,1.197,0.29
Pierce Johnson,RP,,58.5,59.4,2.38,0.141,0.049,0.423,2.57,0,1.093,3.102,4.139,1.304,0.29
Taijuan Walker,SP,16.6,,111.3,7.37,0.455,0,0,5.13,0.322,4.141,10.565,5.055,1.433,0.28
Anthony Bender,RP,,62.7,63.0,2.52,0.113,0.058,0.611,2.36,0,1.091,3.283,3.897,1.302,0.28
Kai-Wei Teng,RP,,16.4,34.8,1.39,0.086,0.0,0.026,1.36,0,0.69,1.909,4.458,1.37,0.28
Clayton Beeter,RP,,59.6,63.6,2.54,0.12,0.595,0.469,2.86,0,1.103,3.385,3.901,1.331,0.27
JT Brubaker,RP,,41.5,49.1,1.96,0.08,0.0,0.107,1.7,0,0.922,2.558,4.225,1.302,0.27
Josh Sborz,RP,,43.2,44.5,1.78,0.068,0.002,0.232,1.83,0,0.809,2.269,4.092,1.275,0.27
Ian Hamilton,RP,,46.3,49.0,1.96,0.057,0.003,0.191,2.01,0,0.859,2.639,3.95,1.348,0.27
River Ryan,SP,5.5,,37.1,7.35,0.335,0,0,6.14,0.278,3.628,10.013,4.444,1.363,0.26
Joey Wentz,SP,6.1,,59.9,10.83,0.673,0,0,10.31,0.317,5.623,15.476,4.673,1.429,0.26
Victor Vodnik,RP,,59.0,63.2,2.53,0.133,0.627,0.23,2.43,0,1.242,3.739,4.422,1.479,0.26
Luis García,RP,,49.2,50.5,2.02,0.066,0.019,0.294,1.8,0,0.877,2.644,3.909,1.309,0.26
Ben Joyce,RP,,32.9,34.7,1.39,0.048,0.121,0.242,1.54,0,0.557,1.76,3.611,1.268,0.26
Yoendrys Gómez,SP,7.1,,72.5,11.29,0.408,0,0,10.68,0.267,5.681,15.067,4.529,1.335,0.25
Carson Whisenhunt,RP,,13.7,33.1,1.32,0.077,0.0,0.031,1.09,0,0.626,1.799,4.264,1.361,0.25
Tyler Alexander,RP,,54.3,77.5,3.1,0.149,0.001,0.186,2.53,0,1.583,4.026,4.597,1.299,0.25
Jordan Leasure,RP,,63.3,63.0,2.52,0.167,0.464,0.437,2.79,0,1.139,3.172,4.069,1.259,0.25
Jason Foley,RP,,26.3,26.7,1.07,0.039,0.02,0.087,0.89,0,0.44,1.354,3.703,1.267,0.24
David Robertson,RP,,31.7,32.8,1.31,0.044,0.028,0.3,1.49,0,0.534,1.638,3.661,1.248,0.24
Ryan Fernandez,RP,,55.8,58.9,2.36,0.108,0.011,0.297,2.35,0,1.097,3.225,4.193,1.369,0.24
Colin Selby,RP,,55.0,58.3,2.33,0.091,0.0,0.25,2.34,0,1.009,3.028,3.891,1.298,0.24
Javier Assad,RP,,41.8,63.2,2.53,0.119,0.0,0.125,2.11,0,1.136,3.342,4.042,1.321,0.24
Kyle Hart,SP,8.5,,65.5,8.43,0.481,0,0,7.02,0.38,4.299,11.52,4.587,1.366,0.23
Josiah Gray,SP,19.4,,110.0,6.22,0.472,0,0,5.3,0.334,3.851,9.002,5.567,1.446,0.23
Mason Montgomery,RP,,57.6,60.7,2.43,0.091,0.084,0.383,2.57,0,1.083,3.329,4.011,1.37,0.23
Jordan Romano,RP,,56.0,56.1,2.24,0.129,0.191,0.366,2.34,0,1.095,2.92,4.394,1.302,0.23
Brady Basso,RP,,50.2,55.3,2.21,0.083,0.043,0.269,1.99,0,0.951,2.868,3.865,1.296,0.23
Sam Moll,RP,,38.0,37.2,1.49,0.052,0.0,0.134,1.47,0,0.697,1.998,4.215,1.343,0.23
Jordan Hicks,RP,,48.5,56.6,2.27,0.116,0.016,0.181,2.04,0,1.076,3.206,4.276,1.415,0.23
Josh White,RP,,41.5,44.6,1.78,0.094,0.0,0.16,1.87,0,0.783,2.32,3.954,1.301,0.22
Brock Stewart,RP,,26.5,27.0,1.08,0.043,0.001,0.229,1.25,0,0.46,1.341,3.834,1.241,0.22
Huascar Brazobán,RP,,52.1,56.3,2.25,0.078,0.003,0.361,2.1,0,1.001,2.993,4.001,1.328,0.22
Scott Barlow,RP,,52.1,54.0,2.16,0.089,0.015,0.177,2.28,0,1.003,2.991,4.177,1.384,0.22
DL Hall,RP,,44.3,54.6,2.19,0.085,0.0,0.141,2.07,0,0.966,2.913,3.979,1.333,0.22
Spencer Bivens,RP,,59.3,68.0,2.72,0.097,0.078,0.233,2.06,0,1.239,3.616,4.102,1.33,0.21
Keegan Akin,RP,,62.6,65.5,2.62,0.114,0.089,0.467,2.66,0,1.157,3.361,3.974,1.282,0.21
Mitch Bratt,RP,,4.8,25.1,1.0,0.058,0.0,0.0,0.81,0,0.503,1.321,4.519,1.318,0.21
Félix Bautista,RP,,12.4,12.7,0.51,0.018,0.004,0.021,0.71,0,0.177,0.601,3.121,1.179,0.21
Nick Mears,RP,,58.2,59.7,2.39,0.12,0.003,0.453,2.32,0,1.116,3.116,4.203,1.304,0.21
Gordon Graceffo,RP,,50.7,60.6,2.43,0.1,0.004,0.217,1.97,0,1.152,3.209,4.275,1.323,0.21
Calvin Faucher,RP,,63.2,65.8,2.63,0.142,0.198,0.568,2.59,0,1.195,3.588,4.084,1.363,0.21
AJ Blubaugh,RP,,35.5,54.4,2.18,0.122,0.0,0.089,2.06,0,1.035,2.85,4.282,1.31,0.21
Andrew Chafin,RP,,39.5,39.3,1.57,0.054,0.017,0.108,1.67,0,0.67,2.143,3.842,1.365,0.21
Mason Englert,RP,,55.0,63.3,2.53,0.084,0.01,0.311,2.28,0,1.211,3.262,4.308,1.289,0.21
Gavin Stone,RP,,12.1,24.9,0.99,0.045,0.0,0.02,0.87,0,0.491,1.303,4.447,1.31,0.21
Evan Sisk,RP,,44.6,45.4,1.82,0.077,0.0,0.205,1.75,0,0.778,2.533,3.855,1.395,0.21
Tanner Houck,RP,,4.7,22.5,0.9,0.065,0.0,0.0,0.72,0,0.519,1.25,5.184,1.388,0.21
Gabriel Hughes,SP,5.5,,39.7,7.91,0.592,0,0,5.69,0.407,4.58,11.679,5.209,1.476,0.2
Brock Burke,RP,,61.6,62.9,2.52,0.08,0.031,0.406,2.3,0,1.179,3.296,4.215,1.309,0.2
Ryan Brasier,RP,,42.1,44.3,1.77,0.061,0.0,0.102,1.58,0,0.801,2.19,4.066,1.235,0.2
Pierson Ohl,RP,,45.7,56.2,2.25,0.124,0.004,0.251,1.85,0,1.085,2.824,4.343,1.255,0.2
Ty Johnson,RP,,4.0,22.7,0.91,0.067,0.0,0.0,0.89,0,0.457,1.2,4.52,1.32,0.2
Brandon Williamson,RP,,30.3,47.1,1.89,0.082,0.0,0.042,1.68,0,0.924,2.488,4.413,1.32,0.2
Greg Weissert,RP,,62.6,64.5,2.58,0.112,0.024,0.524,2.28,0,1.197,3.389,4.174,1.313,0.2
Kendry Rojas,RP,,32.5,35.8,1.43,0.08,0.0,0.083,1.33,0,0.635,1.904,3.996,1.331,0.2
