Week,Team,ERA,H/AB,HLD,HR,IP,K,K.1,L,OBP,QS,R,RBI,SB,SV,TB,WHIP
1,Acuña Matata,1.38,86/349,7.0,12.0,58.2,85.0,55.0,2.0,0.336,4.0,56.0,36.0,10.0,1.0,139.0,0.85
1,Beasts of the East,3.15,93/399,4.0,16.0,71.1,97.0,85.0,3.0,0.323,3.0,55.0,55.0,13.0,0.0,161.0,1.4
1,Cleveland Steamers,3.84,74/337,2.0,14.0,75.0,87.0,96.0,4.0,0.319,3.0,48.0,47.0,12.0,8.0,128.0,1.05
1,Colson Anthony Teel Jr.,4.67,75/315,4.0,9.0,79.0,64.0,99.0,8.0,0.306,2.0,36.0,36.0,11.0,4.0,121.0,1.33
1,Derty's Rolling Crew,3.12,79/327,4.0,17.0,98.0,74.0,95.0,4.0,0.317,4.0,44.0,60.0,3.0,4.0,145.0,1.17
1,My Team Snells Like Shit,3.58,89/352,5.0,22.0,78.0,71.0,77.0,8.0,0.32,3.0,56.0,63.0,11.0,5.0,171.0,1.41
1,North Shore Beefs,2.91,84/343,4.0,16.0,68.0,89.0,61.0,2.0,0.328,3.0,47.0,50.0,9.0,6.0,149.0,1.28
1,Put Up or Shut Up,3.51,91/355,0.0,11.0,92.1,86.0,97.0,7.0,0.331,6.0,61.0,37.0,10.0,2.0,146.0,1.18
1,Shmoulie,3.33,77/306,6.0,16.0,73.0,88.0,68.0,3.0,0.344,1.0,45.0,50.0,10.0,7.0,145.0,0.99
1,Skrey's SQUAD,4.18,94/355,3.0,17.0,103.1,89.0,93.0,4.0,0.32,4.0,53.0,41.0,3.0,3.0,159.0,1.32
1,Tardy Plumbers,2.32,73/340,9.0,6.0,50.1,87.0,66.0,1.0,0.298,3.0,43.0,35.0,4.0,1.0,106.0,0.93
1,The Bronx Boofers,3.74,83/349,5.0,8.0,67.1,103.0,62.0,5.0,0.299,3.0,51.0,34.0,9.0,3.0,135.0,1.19
1,The Murk Ma$ter,2.99,78/307,4.0,12.0,81.1,75.0,73.0,2.0,0.322,4.0,43.0,51.0,8.0,7.0,132.0,1.2
1,UNKle Jerik,4.23,91/342,3.0,22.0,76.2,87.0,79.0,6.0,0.329,3.0,53.0,56.0,15.0,4.0,172.0,1.06
1,vves11,4.19,87/352,6.0,13.0,66.2,95.0,65.0,2.0,0.315,4.0,50.0,50.0,13.0,2.0,146.0,1.23
1,wes11,4.93,81/329,2.0,14.0,107.2,81.0,97.0,9.0,0.339,5.0,51.0,38.0,7.0,4.0,141.0,1.38
2,Acuña Matata,2.77,55/208,6.0,11.0,48.2,49.0,43.0,5.0,0.316,3.0,30.0,31.0,6.0,2.0,103.0,1.36
2,Beasts of the East,2.15,58/225,4.0,8.0,46.0,59.0,54.0,1.0,0.344,4.0,39.0,31.0,12.0,2.0,97.0,1.11
2,Cleveland Steamers,4.29,47/194,0.0,9.0,79.2,53.0,81.0,8.0,0.307,2.0,25.0,25.0,7.0,2.0,89.0,1.31
2,Colson Anthony Teel Jr.,3.29,63/212,2.0,7.0,65.2,39.0,56.0,3.0,0.35,5.0,31.0,29.0,9.0,2.0,101.0,1.25
2,Derty's Rolling Crew,2.67,44/210,2.0,11.0,57.1,54.0,63.0,3.0,0.307,5.0,26.0,26.0,6.0,5.0,88.0,0.89
2,My Team Snells Like Shit,3.81,63/213,1.0,9.0,56.2,34.0,57.0,5.0,0.353,4.0,30.0,31.0,1.0,4.0,104.0,1.11
2,North Shore Beefs,3.77,44/175,4.0,7.0,45.1,42.0,45.0,2.0,0.342,3.0,28.0,24.0,3.0,0.0,76.0,1.06
2,Put Up or Shut Up,4.55,48/219,1.0,2.0,59.1,57.0,68.0,5.0,0.291,3.0,27.0,21.0,8.0,2.0,66.0,1.35
2,Shmoulie,0.92,45/184,3.0,5.0,39.1,45.0,45.0,2.0,0.344,3.0,20.0,16.0,3.0,2.0,69.0,0.79
2,Skrey's SQUAD,3.65,42/213,2.0,6.0,44.1,53.0,41.0,2.0,0.3,3.0,20.0,21.0,7.0,2.0,67.0,1.26
2,Tardy Plumbers,4.28,44/170,5.0,5.0,61.0,35.0,49.0,8.0,0.335,3.0,24.0,21.0,6.0,1.0,65.0,1.39
2,The Bronx Boofers,1.09,51/192,2.0,12.0,49.2,54.0,43.0,1.0,0.366,5.0,27.0,38.0,8.0,3.0,99.0,0.79
2,The Murk Ma$ter,4.74,27/158,2.0,1.0,49.1,39.0,45.0,4.0,0.234,2.0,7.0,14.0,1.0,3.0,33.0,1.34
2,UNKle Jerik,3.92,42/197,2.0,7.0,57.1,52.0,63.0,3.0,0.319,1.0,30.0,23.0,8.0,2.0,74.0,1.24
2,vves11,3.4,49/228,0.0,10.0,39.2,56.0,35.0,2.0,0.285,2.0,30.0,35.0,8.0,0.0,90.0,1.24
2,wes11,2.86,37/210,3.0,7.0,44.0,54.0,44.0,3.0,0.291,2.0,24.0,22.0,2.0,1.0,65.0,1.39
3,Acuña Matata,6.17,53/211,1.0,5.0,65.2,67.0,65.0,8.0,0.313,1.0,28.0,23.0,4.0,1.0,78.0,1.71
3,Beasts of the East,4.52,56/225,4.0,14.0,61.2,44.0,68.0,3.0,0.347,4.0,39.0,43.0,11.0,5.0,110.0,1.39
3,Cleveland Steamers,4.3,46/204,2.0,7.0,46.0,52.0,39.0,4.0,0.31,2.0,28.0,29.0,6.0,4.0,78.0,1.13
3,Colson Anthony Teel Jr.,6.0,55/221,2.0,9.0,33.0,38.0,41.0,4.0,0.3,0.0,35.0,24.0,7.0,3.0,93.0,1.61
3,Derty's Rolling Crew,4.21,44/231,3.0,6.0,51.1,63.0,58.0,5.0,0.27,2.0,17.0,28.0,7.0,1.0,77.0,1.4
3,My Team Snells Like Shit,3.02,61/219,2.0,16.0,65.2,48.0,56.0,2.0,0.35,6.0,31.0,31.0,5.0,4.0,124.0,1.13
3,North Shore Beefs,2.77,49/212,5.0,9.0,55.1,56.0,56.0,2.0,0.275,2.0,29.0,27.0,3.0,1.0,86.0,1.08
3,Put Up or Shut Up,4.25,59/210,4.0,11.0,59.1,45.0,63.0,5.0,0.346,3.0,36.0,34.0,8.0,3.0,101.0,1.35
3,Shmoulie,2.31,57/213,4.0,16.0,39.0,58.0,42.0,1.0,0.396,3.0,43.0,41.0,7.0,7.0,115.0,1.05
3,Skrey's SQUAD,3.96,67/225,2.0,8.0,72.2,49.0,85.0,5.0,0.359,6.0,27.0,32.0,5.0,3.0,109.0,1.16
3,Tardy Plumbers,3.78,56/198,3.0,6.0,69.0,43.0,80.0,2.0,0.373,5.0,25.0,24.0,5.0,0.0,86.0,1.22
3,The Bronx Boofers,3.71,46/236,2.0,8.0,43.2,64.0,47.0,2.0,0.252,3.0,25.0,31.0,5.0,1.0,78.0,1.08
3,The Murk Ma$ter,3.88,60/187,5.0,12.0,60.1,36.0,57.0,5.0,0.369,4.0,34.0,43.0,6.0,5.0,108.0,1.14
3,UNKle Jerik,1.77,53/229,5.0,9.0,45.2,55.0,45.0,2.0,0.282,2.0,26.0,23.0,4.0,4.0,89.0,1.05
3,vves11,2.32,50/211,3.0,10.0,50.1,51.0,50.0,1.0,0.332,3.0,34.0,31.0,5.0,2.0,93.0,1.07
3,wes11,1.9,65/248,3.0,8.0,42.2,52.0,38.0,4.0,0.338,2.0,29.0,32.0,5.0,2.0,102.0,1.17
4,Acuña Matata,2.79,60/204,2.0,4.0,51.2,55.0,41.0,1.0,0.387,4.0,34.0,26.0,11.0,4.0,96.0,1.08
4,Beasts of the East,3.75,70/240,6.0,7.0,50.1,44.0,45.0,4.0,0.362,4.0,33.0,35.0,9.0,2.0,114.0,1.15
4,Cleveland Steamers,3.51,46/201,4.0,9.0,41.0,48.0,47.0,6.0,0.316,5.0,28.0,32.0,6.0,2.0,83.0,1.1
4,Colson Anthony Teel Jr.,4.18,55/217,3.0,5.0,47.1,62.0,54.0,2.0,0.32,2.0,24.0,22.0,4.0,3.0,85.0,1.29
4,Derty's Rolling Crew,4.34,37/213,1.0,4.0,37.1,48.0,34.0,1.0,0.247,2.0,28.0,12.0,4.0,4.0,60.0,1.58
4,My Team Snells Like Shit,2.91,53/207,0.0,8.0,46.1,43.0,38.0,3.0,0.323,3.0,31.0,30.0,0.0,4.0,87.0,1.34
4,North Shore Beefs,3.12,54/201,0.0,3.0,43.1,39.0,47.0,3.0,0.333,2.0,17.0,25.0,9.0,3.0,76.0,1.22
4,Put Up or Shut Up,4.86,64/247,2.0,3.0,50.0,63.0,36.0,4.0,0.325,4.0,32.0,32.0,4.0,0.0,88.0,1.48
4,Shmoulie,4.89,54/235,3.0,10.0,49.2,67.0,51.0,5.0,0.343,1.0,26.0,29.0,5.0,2.0,95.0,1.57
4,Skrey's SQUAD,2.76,54/183,4.0,8.0,75.0,44.0,52.0,2.0,0.356,7.0,33.0,27.0,6.0,3.0,90.0,1.23
4,Tardy Plumbers,5.1,50/221,5.0,7.0,67.0,61.0,61.0,3.0,0.291,2.0,23.0,18.0,6.0,0.0,82.0,1.52
4,The Bronx Boofers,2.21,62/204,2.0,6.0,53.0,38.0,66.0,4.0,0.376,4.0,33.0,32.0,6.0,4.0,98.0,1.04
4,The Murk Ma$ter,3.56,61/198,2.0,7.0,48.0,40.0,40.0,1.0,0.378,3.0,19.0,22.0,10.0,2.0,95.0,1.19
4,UNKle Jerik,3.6,51/193,3.0,7.0,60.0,51.0,52.0,2.0,0.36,5.0,25.0,23.0,3.0,1.0,82.0,1.25
4,vves11,3.25,47/225,1.0,11.0,52.2,65.0,53.0,2.0,0.302,3.0,33.0,34.0,2.0,0.0,91.0,1.14
4,wes11,3.51,55/233,4.0,9.0,51.1,69.0,69.0,3.0,0.297,4.0,27.0,29.0,3.0,2.0,92.0,1.07
5,Acuña Matata,2.65,42/200,6.0,9.0,54.1,59.0,47.0,1.0,0.291,3.0,30.0,17.0,4.0,2.0,77.0,1.14
5,Beasts of the East,4.92,67/236,4.0,5.0,64.0,55.0,64.0,4.0,0.346,3.0,30.0,24.0,11.0,5.0,94.0,1.48
5,Cleveland Steamers,5.66,49/212,1.0,12.0,49.1,55.0,57.0,4.0,0.322,2.0,31.0,39.0,5.0,1.0,93.0,1.56
5,Colson Anthony Teel Jr.,5.11,51/227,1.0,12.0,44.0,47.0,49.0,7.0,0.305,3.0,32.0,39.0,10.0,3.0,97.0,1.36
5,Derty's Rolling Crew,5.84,47/206,2.0,11.0,37.0,37.0,39.0,2.0,0.301,2.0,23.0,28.0,4.0,3.0,89.0,1.62
5,My Team Snells Like Shit,1.99,70/215,2.0,12.0,40.2,39.0,35.0,1.0,0.4,4.0,43.0,57.0,5.0,4.0,123.0,0.84
5,North Shore Beefs,4.46,57/211,3.0,7.0,40.1,49.0,46.0,3.0,0.33,1.0,30.0,28.0,3.0,1.0,88.0,1.71
5,Put Up or Shut Up,2.36,54/190,3.0,12.0,45.2,40.0,43.0,2.0,0.358,4.0,34.0,37.0,2.0,3.0,101.0,0.94
5,Shmoulie,3.97,67/237,2.0,11.0,56.2,57.0,51.0,5.0,0.38,5.0,38.0,29.0,8.0,1.0,117.0,1.2
5,Skrey's SQUAD,4.37,67/257,4.0,11.0,68.0,47.0,59.0,6.0,0.317,4.0,34.0,23.0,7.0,2.0,110.0,1.41
5,Tardy Plumbers,3.31,69/221,5.0,12.0,51.2,47.0,54.0,2.0,0.379,4.0,36.0,41.0,9.0,0.0,117.0,1.05
5,The Bronx Boofers,2.89,57/219,1.0,7.0,46.2,49.0,45.0,2.0,0.34,3.0,29.0,24.0,8.0,3.0,89.0,1.09
5,The Murk Ma$ter,3.78,52/203,3.0,7.0,50.0,47.0,45.0,3.0,0.324,2.0,29.0,21.0,8.0,4.0,86.0,1.28
5,UNKle Jerik,5.63,49/209,1.0,7.0,62.1,52.0,54.0,6.0,0.306,3.0,28.0,34.0,1.0,3.0,79.0,1.6
5,vves11,5.89,49/196,3.0,4.0,36.2,38.0,30.0,3.0,0.297,1.0,19.0,20.0,1.0,0.0,70.0,1.42
5,wes11,4.89,66/231,0.0,15.0,42.1,52.0,39.0,5.0,0.363,3.0,42.0,34.0,3.0,0.0,129.0,1.39
6,Acuña Matata,2.88,68/230,2.0,14.0,40.2,61.0,35.0,3.0,0.382,3.0,47.0,40.0,6.0,1.0,129.0,1.11
6,Beasts of the East,3.86,66/253,2.0,7.0,44.1,62.0,51.0,3.0,0.315,3.0,39.0,39.0,5.0,2.0,103.0,1.44
6,Cleveland Steamers,4.1,59/211,2.0,9.0,41.2,53.0,46.0,3.0,0.339,2.0,31.0,35.0,5.0,2.0,96.0,1.2
6,Colson Anthony Teel Jr.,1.69,54/223,0.0,6.0,64.0,51.0,74.0,1.0,0.316,6.0,27.0,26.0,9.0,3.0,85.0,1.25
6,Derty's Rolling Crew,3.74,56/218,0.0,5.0,45.2,54.0,46.0,2.0,0.313,3.0,24.0,29.0,3.0,4.0,81.0,1.14
6,My Team Snells Like Shit,3.32,49/216,4.0,6.0,57.0,53.0,71.0,3.0,0.299,6.0,32.0,25.0,5.0,1.0,76.0,1.11
6,North Shore Beefs,5.06,48/216,1.0,8.0,58.2,52.0,51.0,7.0,0.266,4.0,24.0,27.0,4.0,0.0,80.0,1.43
6,Put Up or Shut Up,5.81,62/234,2.0,6.0,83.2,59.0,66.0,4.0,0.338,5.0,34.0,34.0,5.0,1.0,98.0,1.4
6,Shmoulie,5.06,47/214,1.0,7.0,69.1,69.0,55.0,6.0,0.324,3.0,30.0,23.0,7.0,3.0,79.0,1.41
6,Skrey's SQUAD,3.06,62/219,5.0,8.0,53.0,46.0,59.0,2.0,0.367,3.0,40.0,35.0,6.0,4.0,105.0,1.15
6,Tardy Plumbers,1.85,56/201,4.0,6.0,48.2,46.0,50.0,0.0,0.408,5.0,30.0,23.0,2.0,0.0,83.0,0.86
6,The Bronx Boofers,4.19,53/241,2.0,7.0,43.0,53.0,49.0,3.0,0.27,3.0,24.0,41.0,5.0,2.0,87.0,1.4
6,The Murk Ma$ter,2.17,57/219,2.0,10.0,49.2,54.0,59.0,3.0,0.328,4.0,35.0,36.0,5.0,3.0,100.0,1.07
6,UNKle Jerik,3.55,52/207,2.0,5.0,50.2,42.0,44.0,4.0,0.323,3.0,29.0,31.0,7.0,2.0,79.0,1.2
6,vves11,3.72,65/224,1.0,8.0,55.2,50.0,53.0,2.0,0.36,4.0,29.0,28.0,9.0,0.0,101.0,1.22
6,wes11,5.3,59/217,3.0,8.0,54.1,53.0,56.0,5.0,0.341,1.0,33.0,25.0,3.0,1.0,92.0,1.49
7,Acuña Matata,3.12,50/206,2.0,12.0,60.2,46.0,50.0,2.0,0.339,4.0,33.0,34.0,7.0,0.0,95.0,1.2
7,Beasts of the East,2.54,60/239,3.0,13.0,67.1,49.0,62.0,4.0,0.313,6.0,35.0,35.0,8.0,1.0,114.0,1.14
7,Cleveland Steamers,3.65,47/190,1.0,12.0,37.0,48.0,42.0,3.0,0.335,1.0,30.0,42.0,6.0,1.0,91.0,1.57
7,Colson Anthony Teel Jr.,5.33,55/220,3.0,6.0,52.1,51.0,48.0,4.0,0.313,3.0,23.0,31.0,6.0,2.0,92.0,1.51
7,Derty's Rolling Crew,2.52,59/215,1.0,9.0,50.0,50.0,50.0,2.0,0.355,5.0,28.0,28.0,3.0,2.0,98.0,1.1
7,My Team Snells Like Shit,3.26,56/218,2.0,7.0,60.2,47.0,57.0,1.0,0.315,4.0,27.0,27.0,6.0,2.0,90.0,1.15
7,North Shore Beefs,3.03,47/212,1.0,10.0,32.2,49.0,40.0,2.0,0.27,1.0,28.0,25.0,4.0,2.0,94.0,0.92
7,Put Up or Shut Up,3.39,54/227,1.0,7.0,71.2,53.0,71.0,4.0,0.307,6.0,28.0,31.0,5.0,3.0,88.0,0.96
7,Shmoulie,6.01,65/219,1.0,15.0,79.1,61.0,75.0,8.0,0.358,6.0,32.0,38.0,0.0,1.0,124.0,1.34
7,Skrey's SQUAD,4.6,66/242,1.0,13.0,86.0,48.0,76.0,5.0,0.33,5.0,34.0,34.0,6.0,5.0,110.0,1.23
7,Tardy Plumbers,3.5,53/222,3.0,9.0,36.0,58.0,39.0,1.0,0.325,5.0,32.0,25.0,5.0,1.0,93.0,1.28
7,The Bronx Boofers,4.37,53/219,5.0,11.0,47.1,54.0,52.0,3.0,0.292,1.0,24.0,32.0,5.0,4.0,93.0,1.14
7,The Murk Ma$ter,5.23,62/199,1.0,11.0,41.1,50.0,46.0,4.0,0.413,3.0,32.0,33.0,4.0,2.0,110.0,1.38
7,UNKle Jerik,2.86,47/206,2.0,7.0,50.1,50.0,49.0,2.0,0.283,3.0,21.0,18.0,3.0,4.0,80.0,1.05
7,vves11,5.13,59/216,2.0,9.0,54.1,45.0,51.0,6.0,0.332,3.0,28.0,28.0,8.0,2.0,100.0,1.6
7,wes11,1.03,60/203,5.0,8.0,52.1,51.0,49.0,1.0,0.367,5.0,37.0,21.0,5.0,0.0,98.0,0.78
8,Acuña Matata,1.8,54/238,1.0,11.0,45.0,58.0,48.0,2.0,0.285,5.0,35.0,25.0,9.0,2.0,98.0,0.96
8,Beasts of the East,3.69,63/246,1.0,5.0,63.1,56.0,74.0,1.0,0.329,5.0,25.0,27.0,3.0,2.0,93.0,1.28
8,Cleveland Steamers,3.19,48/200,4.0,6.0,42.1,57.0,39.0,4.0,0.314,3.0,30.0,25.0,5.0,3.0,78.0,1.04
8,Colson Anthony Teel Jr.,4.52,47/200,4.0,3.0,65.2,49.0,52.0,5.0,0.3,3.0,20.0,17.0,6.0,2.0,76.0,1.39
8,Derty's Rolling Crew,1.74,64/225,2.0,8.0,41.1,52.0,33.0,3.0,0.331,2.0,33.0,40.0,4.0,4.0,114.0,1.28
8,My Team Snells Like Shit,4.57,49/210,5.0,7.0,63.0,52.0,61.0,3.0,0.305,4.0,21.0,20.0,8.0,3.0,85.0,1.22
8,North Shore Beefs,3.18,76/218,3.0,12.0,34.0,52.0,33.0,3.0,0.438,3.0,38.0,39.0,8.0,3.0,125.0,1.12
8,Put Up or Shut Up,2.1,57/251,1.0,6.0,60.0,63.0,53.0,4.0,0.289,6.0,34.0,31.0,6.0,6.0,95.0,1.12
8,Shmoulie,4.35,58/220,3.0,9.0,51.2,67.0,52.0,2.0,0.355,2.0,37.0,30.0,8.0,3.0,99.0,1.51
8,Skrey's SQUAD,4.58,74/242,2.0,9.0,57.0,46.0,58.0,3.0,0.36,4.0,37.0,28.0,1.0,1.0,115.0,1.4
8,Tardy Plumbers,2.97,55/219,2.0,10.0,57.2,45.0,65.0,0.0,0.295,6.0,34.0,30.0,5.0,0.0,97.0,1.16
8,The Bronx Boofers,3.25,47/201,0.0,8.0,52.2,46.0,57.0,2.0,0.308,5.0,26.0,36.0,1.0,4.0,85.0,1.04
8,The Murk Ma$ter,3.47,65/224,3.0,11.0,70.0,48.0,53.0,7.0,0.348,2.0,34.0,32.0,4.0,4.0,109.0,1.2
8,UNKle Jerik,2.53,53/214,2.0,5.0,46.1,55.0,41.0,2.0,0.336,2.0,25.0,22.0,2.0,3.0,79.0,1.23
8,vves11,2.87,64/223,0.0,6.0,31.1,35.0,26.0,0.0,0.342,3.0,32.0,38.0,7.0,1.0,100.0,1.12
8,wes11,4.25,58/239,4.0,8.0,53.0,51.0,46.0,6.0,0.307,3.0,25.0,35.0,4.0,0.0,96.0,1.36
9,Acuña Matata,3.69,64/220,2.0,17.0,61.0,50.0,59.0,5.0,0.372,6.0,42.0,47.0,5.0,1.0,126.0,1.26
9,Beasts of the East,4.07,72/244,3.0,8.0,66.1,41.0,66.0,5.0,0.337,6.0,34.0,32.0,9.0,4.0,116.0,1.16
9,Cleveland Steamers,1.22,46/174,3.0,6.0,37.0,46.0,37.0,1.0,0.35,4.0,26.0,17.0,11.0,2.0,72.0,0.78
9,Colson Anthony Teel Jr.,2.45,51/204,2.0,7.0,47.2,33.0,53.0,3.0,0.303,3.0,25.0,27.0,2.0,3.0,83.0,1.15
9,Derty's Rolling Crew,2.93,37/190,2.0,5.0,46.0,48.0,37.0,1.0,0.3,4.0,18.0,19.0,4.0,2.0,58.0,1.35
9,My Team Snells Like Shit,2.77,59/216,2.0,15.0,48.2,50.0,49.0,1.0,0.335,4.0,38.0,41.0,8.0,3.0,117.0,1.05
9,North Shore Beefs,5.18,47/199,3.0,5.0,64.1,41.0,45.0,3.0,0.314,3.0,18.0,27.0,5.0,0.0,75.0,1.34
9,Put Up or Shut Up,3.77,59/218,2.0,5.0,57.1,63.0,49.0,4.0,0.336,3.0,28.0,18.0,6.0,5.0,87.0,1.43
9,Shmoulie,3.92,53/229,2.0,7.0,66.2,62.0,63.0,2.0,0.313,3.0,25.0,23.0,3.0,5.0,86.0,1.2
9,Skrey's SQUAD,2.56,60/207,2.0,8.0,56.1,52.0,66.0,5.0,0.339,4.0,30.0,25.0,4.0,3.0,98.0,1.21
9,Tardy Plumbers,3.3,51/212,3.0,6.0,46.1,52.0,49.0,5.0,0.322,2.0,29.0,26.0,3.0,0.0,79.0,1.47
9,The Bronx Boofers,1.91,50/207,6.0,10.0,42.1,47.0,38.0,1.0,0.318,3.0,28.0,24.0,4.0,2.0,89.0,0.92
9,The Murk Ma$ter,2.06,46/200,2.0,10.0,56.2,49.0,55.0,2.0,0.3,6.0,31.0,21.0,2.0,4.0,82.0,0.85
9,UNKle Jerik,3.99,45/182,2.0,9.0,56.1,53.0,61.0,3.0,0.317,2.0,24.0,25.0,4.0,2.0,82.0,1.14
9,vves11,5.31,57/187,0.0,5.0,57.2,41.0,59.0,6.0,0.382,3.0,23.0,28.0,10.0,2.0,81.0,1.53
9,wes11,2.92,51/206,5.0,9.0,52.1,50.0,46.0,3.0,0.336,4.0,37.0,29.0,3.0,4.0,94.0,1.07
10,Acuña Matata,2.55,56/220,1.0,15.0,53.0,63.0,37.0,2.0,0.329,4.0,32.0,30.0,2.0,3.0,109.0,0.98
10,Beasts of the East,4.6,70/246,1.0,6.0,88.0,56.0,84.0,6.0,0.359,4.0,36.0,27.0,8.0,3.0,110.0,1.45
10,Cleveland Steamers,3.96,55/208,2.0,12.0,50.0,63.0,46.0,3.0,0.309,5.0,22.0,29.0,5.0,2.0,100.0,1.2
10,Colson Anthony Teel Jr.,4.06,50/213,1.0,4.0,57.2,51.0,58.0,5.0,0.302,4.0,24.0,30.0,5.0,1.0,75.0,1.37
10,Derty's Rolling Crew,5.44,65/223,2.0,10.0,51.1,45.0,44.0,5.0,0.353,1.0,32.0,39.0,6.0,7.0,107.0,1.73
10,My Team Snells Like Shit,3.19,65/235,0.0,13.0,48.0,48.0,53.0,3.0,0.316,5.0,34.0,39.0,6.0,5.0,118.0,0.94
10,North Shore Beefs,2.28,45/190,1.0,9.0,51.1,50.0,54.0,2.0,0.321,4.0,20.0,27.0,3.0,0.0,82.0,1.11
10,Put Up or Shut Up,4.33,63/233,1.0,12.0,68.2,59.0,70.0,4.0,0.351,5.0,38.0,33.0,4.0,1.0,115.0,1.17
10,Shmoulie,5.08,47/210,1.0,7.0,62.0,64.0,65.0,5.0,0.314,5.0,23.0,29.0,6.0,5.0,76.0,1.35
10,Skrey's SQUAD,2.85,49/209,3.0,6.0,53.2,45.0,53.0,4.0,0.335,5.0,23.0,28.0,6.0,2.0,75.0,1.16
10,Tardy Plumbers,2.81,52/216,8.0,15.0,41.2,42.0,44.0,1.0,0.322,5.0,37.0,40.0,1.0,0.0,108.0,1.18
10,The Bronx Boofers,3.48,60/220,1.0,3.0,51.2,51.0,39.0,3.0,0.348,3.0,31.0,33.0,4.0,2.0,87.0,1.18
10,The Murk Ma$ter,4.2,48/201,4.0,8.0,49.1,48.0,50.0,3.0,0.319,2.0,29.0,25.0,5.0,5.0,81.0,1.18
10,UNKle Jerik,2.35,57/225,2.0,8.0,53.2,48.0,47.0,2.0,0.306,4.0,24.0,28.0,5.0,2.0,89.0,0.89
10,vves11,6.26,56/203,2.0,9.0,41.2,46.0,40.0,2.0,0.345,2.0,32.0,28.0,7.0,0.0,92.0,1.63
10,wes11,3.42,59/243,2.0,9.0,50.0,53.0,54.0,3.0,0.31,1.0,31.0,28.0,4.0,1.0,96.0,1.1
11,Acuña Matata,4.4,66/231,1.0,13.0,45.0,54.0,45.0,2.0,0.355,3.0,42.0,31.0,1.0,2.0,117.0,1.4
11,Beasts of the East,2.0,57/184,4.0,8.0,45.0,44.0,58.0,0.0,0.384,2.0,33.0,32.0,7.0,5.0,96.0,0.82
11,Cleveland Steamers,3.41,50/214,2.0,10.0,37.0,44.0,34.0,2.0,0.304,4.0,36.0,31.0,6.0,1.0,90.0,1.14
11,Colson Anthony Teel Jr.,3.91,57/208,3.0,10.0,48.1,53.0,46.0,2.0,0.346,2.0,33.0,30.0,4.0,0.0,96.0,1.45
11,Derty's Rolling Crew,3.44,43/199,2.0,5.0,52.1,52.0,52.0,4.0,0.299,3.0,21.0,19.0,5.0,1.0,70.0,1.07
11,My Team Snells Like Shit,2.45,46/208,0.0,4.0,58.2,45.0,42.0,3.0,0.309,6.0,27.0,17.0,0.0,3.0,68.0,1.14
11,North Shore Beefs,3.0,42/197,3.0,6.0,42.0,48.0,40.0,2.0,0.3,1.0,23.0,24.0,6.0,1.0,70.0,1.26
11,Put Up or Shut Up,4.09,67/238,5.0,8.0,70.1,64.0,66.0,7.0,0.348,4.0,33.0,40.0,3.0,5.0,105.0,1.31
11,Shmoulie,5.23,63/225,3.0,8.0,72.1,62.0,68.0,5.0,0.367,5.0,36.0,37.0,5.0,5.0,99.0,1.42
11,Skrey's SQUAD,6.07,55/205,2.0,9.0,56.1,39.0,44.0,7.0,0.36,3.0,28.0,24.0,4.0,1.0,94.0,1.6
11,Tardy Plumbers,1.91,59/212,2.0,10.0,42.1,49.0,50.0,0.0,0.373,3.0,28.0,33.0,2.0,1.0,100.0,1.11
11,The Bronx Boofers,5.48,67/230,5.0,14.0,42.2,40.0,40.0,3.0,0.35,2.0,35.0,41.0,5.0,1.0,122.0,1.57
11,The Murk Ma$ter,3.5,49/190,1.0,10.0,64.1,57.0,69.0,4.0,0.319,3.0,26.0,31.0,5.0,1.0,82.0,1.21
11,UNKle Jerik,2.42,56/206,3.0,6.0,52.0,44.0,56.0,2.0,0.366,2.0,32.0,36.0,3.0,1.0,95.0,1.1
11,vves11,3.38,59/219,0.0,6.0,56.0,50.0,61.0,4.0,0.321,3.0,26.0,18.0,6.0,0.0,92.0,1.34
11,wes11,5.35,56/226,1.0,8.0,35.1,42.0,34.0,4.0,0.31,1.0,28.0,30.0,5.0,3.0,92.0,1.33
12,Acuña Matata,4.6,61/201,3.0,10.0,58.2,51.0,53.0,4.0,0.39,2.0,41.0,45.0,4.0,0.0,108.0,1.36
12,Beasts of the East,3.55,59/227,1.0,9.0,58.1,49.0,63.0,3.0,0.351,4.0,37.0,27.0,6.0,6.0,99.0,1.3
12,Cleveland Steamers,7.78,50/188,4.0,10.0,37.0,38.0,41.0,6.0,0.325,2.0,30.0,26.0,1.0,2.0,91.0,1.65
12,Colson Anthony Teel Jr.,4.88,54/236,5.0,8.0,62.2,58.0,52.0,5.0,0.3,1.0,37.0,22.0,2.0,1.0,90.0,1.21
12,Derty's Rolling Crew,3.56,45/219,1.0,5.0,48.0,42.0,47.0,3.0,0.269,3.0,21.0,22.0,4.0,6.0,78.0,1.21
12,My Team Snells Like Shit,4.57,53/223,1.0,12.0,61.0,48.0,54.0,3.0,0.296,5.0,33.0,37.0,4.0,3.0,98.0,1.2
12,North Shore Beefs,6.69,48/195,4.0,10.0,40.1,60.0,37.0,3.0,0.303,2.0,34.0,21.0,3.0,0.0,90.0,1.56
12,Put Up or Shut Up,4.52,66/239,1.0,14.0,69.2,56.0,60.0,6.0,0.328,5.0,33.0,34.0,2.0,3.0,119.0,1.38
12,Shmoulie,6.09,53/187,2.0,6.0,78.1,41.0,64.0,6.0,0.387,2.0,35.0,39.0,4.0,2.0,87.0,1.48
12,Skrey's SQUAD,3.08,66/233,3.0,14.0,38.0,50.0,39.0,0.0,0.355,3.0,34.0,30.0,2.0,0.0,118.0,0.87
12,Tardy Plumbers,2.28,56/216,3.0,7.0,51.1,53.0,56.0,2.0,0.336,5.0,24.0,33.0,2.0,0.0,92.0,1.13
12,The Bronx Boofers,3.4,71/229,4.0,15.0,42.1,50.0,43.0,1.0,0.389,2.0,35.0,45.0,4.0,1.0,133.0,1.11
12,The Murk Ma$ter,3.33,57/209,2.0,12.0,73.0,57.0,77.0,6.0,0.366,6.0,30.0,27.0,3.0,1.0,108.0,1.1
12,UNKle Jerik,5.84,53/213,3.0,11.0,44.2,44.0,51.0,3.0,0.331,3.0,29.0,32.0,0.0,0.0,96.0,1.5
12,vves11,4.63,45/220,0.0,4.0,56.1,50.0,62.0,5.0,0.296,3.0,22.0,16.0,5.0,0.0,69.0,1.31
12,wes11,2.06,54/223,5.0,10.0,70.0,40.0,61.0,2.0,0.327,6.0,32.0,26.0,11.0,3.0,91.0,1.03
13,Acuña Matata,3.2,52/206,3.0,11.0,56.1,50.0,57.0,4.0,0.335,6.0,34.0,25.0,3.0,3.0,97.0,0.99
13,Beasts of the East,3.76,44/210,1.0,5.0,67.0,44.0,69.0,4.0,0.294,5.0,27.0,20.0,4.0,1.0,75.0,1.31
13,Cleveland Steamers,5.68,47/211,2.0,6.0,38.0,45.0,37.0,4.0,0.294,2.0,21.0,23.0,5.0,1.0,80.0,1.45
13,Colson Anthony Teel Jr.,6.33,51/231,2.0,8.0,69.2,60.0,68.0,5.0,0.278,3.0,26.0,30.0,1.0,2.0,92.0,1.48
13,Derty's Rolling Crew,1.14,50/197,1.0,2.0,47.1,46.0,57.0,2.0,0.346,5.0,27.0,25.0,5.0,1.0,73.0,0.82
13,My Team Snells Like Shit,3.6,47/222,0.0,2.0,40.0,50.0,38.0,5.0,0.282,3.0,21.0,16.0,1.0,3.0,71.0,1.13
13,North Shore Beefs,3.48,56/181,3.0,9.0,33.2,32.0,26.0,2.0,0.362,2.0,28.0,33.0,5.0,1.0,93.0,1.04
13,Put Up or Shut Up,3.26,52/235,3.0,8.0,38.2,56.0,39.0,1.0,0.281,2.0,25.0,25.0,6.0,3.0,82.0,1.01
13,Shmoulie,3.99,66/234,0.0,10.0,70.0,55.0,64.0,3.0,0.351,3.0,40.0,29.0,4.0,4.0,107.0,1.14
13,Skrey's SQUAD,3.28,44/185,0.0,12.0,57.2,35.0,58.0,4.0,0.322,3.0,33.0,33.0,5.0,3.0,88.0,0.94
13,Tardy Plumbers,2.06,58/210,1.0,13.0,43.2,50.0,53.0,3.0,0.353,4.0,33.0,25.0,3.0,0.0,105.0,1.21
13,The Bronx Boofers,3.47,54/183,3.0,7.0,49.1,49.0,67.0,0.0,0.402,3.0,30.0,32.0,4.0,0.0,85.0,1.24
13,The Murk Ma$ter,3.97,36/157,2.0,6.0,45.1,46.0,54.0,3.0,0.311,1.0,23.0,16.0,2.0,5.0,57.0,1.3
13,UNKle Jerik,4.85,47/219,5.0,8.0,42.2,57.0,43.0,4.0,0.281,1.0,28.0,30.0,4.0,1.0,81.0,1.24
13,vves11,6.15,50/170,1.0,10.0,26.1,44.0,23.0,3.0,0.366,2.0,26.0,29.0,4.0,0.0,85.0,1.33
13,wes11,3.53,60/226,3.0,7.0,51.0,48.0,46.0,3.0,0.35,4.0,35.0,30.0,5.0,1.0,93.0,1.22
14,Acuña Matata,4.3,54/204,2.0,13.0,69.0,46.0,62.0,4.0,0.326,4.0,34.0,29.0,6.0,2.0,102.0,1.1
14,Beasts of the East,5.7,64/254,3.0,1.0,36.1,48.0,43.0,4.0,0.311,0.0,24.0,23.0,6.0,3.0,86.0,1.65
14,Cleveland Steamers,5.45,55/178,4.0,12.0,38.0,33.0,39.0,2.0,0.376,0.0,32.0,33.0,3.0,1.0,102.0,1.58
14,Colson Anthony Teel Jr.,5.51,67/228,1.0,4.0,67.0,57.0,68.0,5.0,0.343,2.0,26.0,26.0,6.0,1.0,92.0,1.61
14,Derty's Rolling Crew,2.98,56/229,0.0,13.0,51.1,48.0,56.0,3.0,0.287,3.0,27.0,32.0,4.0,3.0,108.0,1.03
14,My Team Snells Like Shit,4.25,52/217,0.0,15.0,72.0,56.0,59.0,4.0,0.301,4.0,28.0,35.0,1.0,4.0,105.0,1.15
14,North Shore Beefs,4.91,39/183,3.0,9.0,36.2,50.0,38.0,4.0,0.295,3.0,25.0,25.0,4.0,1.0,76.0,1.34
14,Put Up or Shut Up,1.91,64/259,3.0,8.0,42.1,69.0,43.0,1.0,0.306,3.0,33.0,39.0,7.0,4.0,106.0,0.8
14,Shmoulie,2.93,51/225,2.0,12.0,58.1,63.0,66.0,2.0,0.29,5.0,24.0,43.0,4.0,4.0,100.0,1.06
14,Skrey's SQUAD,4.02,51/201,3.0,9.0,53.2,48.0,61.0,4.0,0.318,3.0,23.0,25.0,3.0,3.0,88.0,1.32
14,Tardy Plumbers,3.39,58/218,2.0,3.0,61.0,55.0,56.0,2.0,0.319,5.0,21.0,24.0,0.0,0.0,81.0,1.11
14,The Bronx Boofers,4.53,53/212,3.0,10.0,47.2,48.0,54.0,4.0,0.308,4.0,36.0,38.0,2.0,2.0,94.0,1.3
14,The Murk Ma$ter,3.59,53/169,2.0,12.0,47.2,37.0,49.0,1.0,0.426,2.0,31.0,32.0,3.0,4.0,101.0,1.2
14,UNKle Jerik,2.02,67/224,2.0,14.0,49.0,56.0,51.0,2.0,0.377,3.0,39.0,46.0,1.0,0.0,123.0,1.18
14,vves11,3.0,45/211,1.0,5.0,48.0,64.0,54.0,2.0,0.307,4.0,30.0,25.0,3.0,0.0,77.0,1.08
14,wes11,5.21,55/208,2.0,5.0,48.1,41.0,47.0,3.0,0.366,2.0,29.0,19.0,12.0,1.0,80.0,1.45
15,Acuña Matata,3.05,84/302,4.0,19.0,82.2,75.0,76.0,3.0,0.345,4.0,49.0,45.0,4.0,4.0,162.0,1.23
15,Beasts of the East,1.56,86/326,5.0,11.0,69.1,72.0,78.0,1.0,0.354,5.0,50.0,38.0,11.0,6.0,145.0,0.98
15,Cleveland Steamers,4.34,76/303,5.0,17.0,56.0,79.0,65.0,6.0,0.339,3.0,47.0,49.0,6.0,2.0,144.0,1.39
15,Colson Anthony Teel Jr.,4.33,84/312,5.0,6.0,79.0,63.0,75.0,5.0,0.33,6.0,39.0,39.0,4.0,1.0,122.0,1.24
15,Derty's Rolling Crew,4.01,76/312,0.0,21.0,83.0,66.0,87.0,5.0,0.289,4.0,50.0,58.0,2.0,4.0,158.0,1.18
15,My Team Snells Like Shit,2.19,66/315,2.0,15.0,61.2,64.0,53.0,3.0,0.277,5.0,39.0,49.0,7.0,4.0,125.0,1.02
15,North Shore Beefs,2.84,79/301,8.0,12.0,44.1,73.0,47.0,0.0,0.305,1.0,43.0,34.0,7.0,0.0,134.0,1.06
15,Put Up or Shut Up,4.2,83/343,5.0,11.0,94.1,85.0,79.0,8.0,0.317,6.0,46.0,32.0,11.0,5.0,132.0,1.05
15,Shmoulie,4.53,80/319,3.0,14.0,93.1,78.0,92.0,7.0,0.296,6.0,46.0,47.0,9.0,2.0,147.0,1.34
15,Skrey's SQUAD,5.42,82/270,4.0,22.0,99.2,57.0,99.0,10.0,0.379,5.0,64.0,65.0,10.0,3.0,173.0,1.32
15,Tardy Plumbers,4.32,84/314,4.0,10.0,66.2,79.0,64.0,3.0,0.361,3.0,52.0,38.0,7.0,1.0,136.0,1.34
15,The Bronx Boofers,2.31,92/304,1.0,20.0,105.1,61.0,104.0,4.0,0.378,11.0,55.0,51.0,7.0,3.0,173.0,0.84
15,The Murk Ma$ter,3.29,69/268,2.0,12.0,93.0,61.0,87.0,5.0,0.322,8.0,43.0,34.0,4.0,3.0,121.0,1.05
15,UNKle Jerik,2.87,87/324,8.0,16.0,75.1,70.0,81.0,4.0,0.349,5.0,53.0,61.0,12.0,0.0,155.0,1.22
15,vves11,3.61,81/312,0.0,16.0,52.1,80.0,47.0,4.0,0.331,4.0,53.0,51.0,6.0,3.0,151.0,1.01
15,wes11,5.58,73/320,3.0,8.0,108.0,69.0,89.0,9.0,0.301,7.0,39.0,37.0,5.0,2.0,120.0,1.41
16,Acuña Matata,1.89,59/215,2.0,8.0,38.0,70.0,32.0,1.0,0.354,2.0,35.0,25.0,4.0,2.0,92.0,0.87
16,Beasts of the East,3.95,59/251,3.0,7.0,43.1,57.0,58.0,1.0,0.279,3.0,26.0,29.0,6.0,6.0,98.0,1.32
16,Cleveland Steamers,4.66,54/211,2.0,12.0,38.2,36.0,36.0,3.0,0.301,2.0,32.0,34.0,5.0,0.0,110.0,1.47
16,Colson Anthony Teel Jr.,5.45,54/216,4.0,7.0,74.1,51.0,73.0,6.0,0.296,3.0,23.0,30.0,4.0,0.0,92.0,1.12
16,Derty's Rolling Crew,5.73,54/190,2.0,13.0,44.0,39.0,46.0,4.0,0.38,1.0,31.0,30.0,3.0,3.0,106.0,1.39
16,My Team Snells Like Shit,3.57,48/212,1.0,10.0,45.1,49.0,45.0,3.0,0.31,2.0,30.0,27.0,7.0,4.0,89.0,1.35
16,North Shore Beefs,4.29,63/209,1.0,11.0,42.0,42.0,32.0,3.0,0.36,2.0,39.0,36.0,5.0,1.0,118.0,1.21
16,Put Up or Shut Up,2.12,65/232,0.0,8.0,51.0,59.0,46.0,1.0,0.349,4.0,34.0,39.0,6.0,1.0,108.0,1.08
16,Shmoulie,4.81,62/227,2.0,4.0,76.2,53.0,75.0,5.0,0.349,5.0,30.0,28.0,9.0,2.0,87.0,1.25
16,Skrey's SQUAD,4.58,56/226,3.0,10.0,59.0,49.0,60.0,3.0,0.34,3.0,30.0,30.0,2.0,4.0,99.0,1.2
16,Tardy Plumbers,2.81,65/222,4.0,8.0,48.0,45.0,57.0,4.0,0.38,2.0,37.0,38.0,1.0,0.0,107.0,1.17
16,The Bronx Boofers,1.37,41/207,3.0,10.0,59.1,65.0,61.0,4.0,0.274,4.0,27.0,24.0,6.0,1.0,80.0,0.88
16,The Murk Ma$ter,3.97,39/192,1.0,6.0,45.1,57.0,49.0,3.0,0.292,3.0,23.0,21.0,4.0,4.0,65.0,1.19
16,UNKle Jerik,2.66,45/171,5.0,2.0,47.1,48.0,46.0,2.0,0.345,5.0,19.0,12.0,0.0,1.0,58.0,1.1
16,vves11,3.76,47/174,0.0,12.0,38.1,46.0,34.0,2.0,0.328,2.0,27.0,22.0,3.0,3.0,92.0,1.2
16,wes11,2.77,53/202,2.0,10.0,39.0,45.0,42.0,5.0,0.363,2.0,35.0,34.0,5.0,0.0,101.0,1.08
17,Acuña Matata,3.07,55/224,3.0,10.0,58.2,57.0,57.0,1.0,0.331,4.0,33.0,30.0,6.0,1.0,91.0,1.16
17,Beasts of the East,3.97,65/233,3.0,10.0,56.2,48.0,53.0,1.0,0.368,2.0,45.0,25.0,8.0,2.0,114.0,1.27
17,Cleveland Steamers,5.91,52/199,3.0,5.0,32.0,53.0,28.0,2.0,0.326,1.0,20.0,24.0,4.0,0.0,81.0,1.5
17,Colson Anthony Teel Jr.,3.93,42/205,4.0,7.0,52.2,58.0,58.0,4.0,0.267,3.0,30.0,30.0,4.0,2.0,72.0,1.23
17,Derty's Rolling Crew,2.44,64/235,0.0,10.0,51.2,49.0,33.0,1.0,0.324,4.0,34.0,36.0,7.0,4.0,111.0,1.18
17,My Team Snells Like Shit,4.3,57/217,1.0,9.0,73.1,64.0,80.0,3.0,0.314,3.0,28.0,31.0,2.0,3.0,96.0,1.35
17,North Shore Beefs,1.7,54/178,1.0,4.0,37.0,39.0,40.0,2.0,0.385,3.0,25.0,24.0,0.0,0.0,81.0,1.0
17,Put Up or Shut Up,3.54,62/236,2.0,8.0,56.0,61.0,56.0,3.0,0.307,3.0,38.0,37.0,4.0,2.0,98.0,1.18
17,Shmoulie,5.17,51/238,0.0,10.0,69.2,63.0,68.0,9.0,0.272,2.0,37.0,37.0,0.0,3.0,91.0,1.33
17,Skrey's SQUAD,3.62,61/228,3.0,9.0,54.2,40.0,63.0,5.0,0.341,2.0,34.0,30.0,3.0,3.0,95.0,1.06
17,Tardy Plumbers,3.52,65/214,5.0,11.0,46.0,49.0,41.0,2.0,0.367,4.0,31.0,35.0,3.0,0.0,111.0,1.33
17,The Bronx Boofers,4.09,56/225,3.0,12.0,50.2,51.0,48.0,5.0,0.304,3.0,29.0,33.0,4.0,1.0,103.0,0.99
17,The Murk Ma$ter,3.7,44/197,0.0,7.0,56.0,57.0,53.0,4.0,0.297,3.0,28.0,26.0,6.0,4.0,79.0,1.27
17,UNKle Jerik,5.66,60/226,5.0,7.0,55.2,45.0,53.0,2.0,0.321,1.0,26.0,32.0,7.0,2.0,97.0,1.4
17,vves11,4.47,52/208,2.0,9.0,52.1,59.0,43.0,2.0,0.325,4.0,29.0,29.0,9.0,5.0,91.0,1.22
17,wes11,2.82,41/192,1.0,5.0,51.0,46.0,47.0,3.0,0.296,3.0,19.0,22.0,7.0,0.0,66.0,1.2
18,Acuña Matata,4.61,61/211,2.0,11.0,82.0,56.0,70.0,4.0,0.352,4.0,39.0,30.0,4.0,2.0,107.0,1.17
18,Beasts of the East,2.13,53/176,3.0,13.0,55.0,33.0,56.0,1.0,0.384,4.0,36.0,37.0,11.0,1.0,109.0,1.0
18,Cleveland Steamers,3.6,42/195,4.0,8.0,40.0,56.0,31.0,2.0,0.282,4.0,26.0,24.0,5.0,0.0,70.0,1.28
18,Colson Anthony Teel Jr.,5.73,39/186,3.0,5.0,48.2,43.0,43.0,6.0,0.279,2.0,18.0,12.0,2.0,2.0,63.0,1.75
18,Derty's Rolling Crew,4.28,50/223,1.0,10.0,54.2,40.0,44.0,2.0,0.289,3.0,22.0,28.0,5.0,4.0,88.0,1.35
18,My Team Snells Like Shit,5.21,51/221,1.0,12.0,67.1,57.0,71.0,7.0,0.304,3.0,34.0,34.0,3.0,2.0,100.0,1.4
18,North Shore Beefs,2.17,55/185,3.0,12.0,49.2,45.0,52.0,1.0,0.361,4.0,29.0,34.0,1.0,2.0,104.0,0.93
18,Put Up or Shut Up,2.87,49/214,6.0,6.0,69.0,61.0,71.0,3.0,0.327,4.0,29.0,29.0,5.0,4.0,76.0,0.93
18,Shmoulie,4.23,59/218,2.0,10.0,44.2,62.0,55.0,5.0,0.357,3.0,30.0,33.0,6.0,2.0,93.0,1.61
18,Skrey's SQUAD,2.89,47/219,2.0,9.0,46.2,54.0,54.0,3.0,0.268,4.0,29.0,27.0,4.0,2.0,84.0,0.99
18,Tardy Plumbers,2.43,64/189,5.0,12.0,33.1,46.0,35.0,1.0,0.392,3.0,38.0,37.0,4.0,1.0,115.0,1.02
18,The Bronx Boofers,4.9,53/217,2.0,6.0,68.0,68.0,67.0,3.0,0.327,3.0,31.0,38.0,5.0,2.0,87.0,1.25
18,The Murk Ma$ter,4.47,45/196,2.0,10.0,50.1,48.0,47.0,4.0,0.293,2.0,23.0,29.0,1.0,1.0,83.0,1.33
18,UNKle Jerik,8.38,45/181,2.0,3.0,38.2,33.0,51.0,7.0,0.335,1.0,23.0,11.0,1.0,3.0,63.0,1.86
18,vves11,3.95,41/202,1.0,10.0,68.1,42.0,58.0,2.0,0.297,3.0,26.0,25.0,4.0,3.0,73.0,1.26
18,wes11,2.77,58/213,4.0,8.0,48.2,38.0,42.0,2.0,0.336,1.0,31.0,30.0,9.0,0.0,92.0,1.23
19,Acuña Matata,5.55,39/111,3.0,12.0,58.1,26.0,68.0,6.0,0.421,1.0,23.0,31.0,3.0,2.0,82.0,1.44
19,Beasts of the East,3.06,60/234,0.0,5.0,61.2,50.0,66.0,3.0,0.34,4.0,25.0,28.0,10.0,3.0,88.0,1.14
19,Cleveland Steamers,1.96,46/204,5.0,8.0,36.2,52.0,24.0,1.0,0.307,4.0,29.0,29.0,4.0,1.0,82.0,1.06
19,Colson Anthony Teel Jr.,2.5,56/210,4.0,8.0,54.0,55.0,44.0,2.0,0.34,4.0,42.0,31.0,8.0,2.0,94.0,0.94
19,Derty's Rolling Crew,3.86,53/206,0.0,15.0,49.0,37.0,48.0,4.0,0.319,2.0,38.0,42.0,1.0,4.0,109.0,1.31
19,My Team Snells Like Shit,3.93,61/197,3.0,11.0,52.2,29.0,49.0,1.0,0.356,4.0,28.0,35.0,7.0,3.0,111.0,1.12
19,North Shore Beefs,5.4,52/189,1.0,8.0,40.0,46.0,37.0,3.0,0.358,2.0,28.0,28.0,3.0,1.0,84.0,1.38
19,Put Up or Shut Up,5.37,53/227,1.0,6.0,65.1,63.0,65.0,9.0,0.337,3.0,30.0,25.0,5.0,2.0,82.0,1.41
19,Shmoulie,2.44,49/225,3.0,5.0,44.1,62.0,43.0,1.0,0.304,4.0,28.0,28.0,5.0,4.0,80.0,0.86
19,Skrey's SQUAD,2.95,53/219,2.0,12.0,39.2,49.0,35.0,2.0,0.296,2.0,35.0,24.0,9.0,2.0,99.0,0.98
19,Tardy Plumbers,3.12,25/95,4.0,4.0,43.1,25.0,48.0,2.0,0.333,2.0,8.0,13.0,0.0,1.0,41.0,0.78
19,The Bronx Boofers,4.04,65/237,2.0,11.0,64.2,55.0,57.0,3.0,0.322,5.0,32.0,40.0,3.0,1.0,112.0,1.16
19,The Murk Ma$ter,2.42,48/213,0.0,11.0,48.1,56.0,41.0,4.0,0.316,4.0,31.0,30.0,1.0,1.0,84.0,1.01
19,UNKle Jerik,6.96,49/193,2.0,9.0,32.1,42.0,25.0,3.0,0.329,2.0,29.0,30.0,13.0,0.0,88.0,1.52
19,vves11,3.23,53/234,0.0,8.0,53.0,49.0,51.0,1.0,0.281,2.0,29.0,28.0,7.0,3.0,90.0,1.19
19,wes11,2.53,48/202,4.0,9.0,53.1,48.0,50.0,1.0,0.323,2.0,34.0,27.0,6.0,2.0,86.0,1.13
20,Acuña Matata,6.3,54/218,2.0,9.0,50.0,47.0,48.0,6.0,0.341,2.0,35.0,31.0,4.0,1.0,93.0,1.64
20,Beasts of the East,4.88,64/251,4.0,8.0,79.1,44.0,85.0,6.0,0.344,5.0,35.0,25.0,9.0,3.0,109.0,1.26
20,Cleveland Steamers,3.67,48/205,3.0,9.0,41.2,54.0,40.0,3.0,0.302,2.0,24.0,35.0,1.0,3.0,83.0,1.25
20,Colson Anthony Teel Jr.,3.81,61/205,5.0,8.0,56.2,33.0,54.0,3.0,0.386,5.0,42.0,32.0,3.0,1.0,102.0,1.08
20,Derty's Rolling Crew,4.39,43/201,1.0,14.0,55.1,54.0,50.0,6.0,0.246,3.0,26.0,34.0,2.0,3.0,94.0,1.3
20,My Team Snells Like Shit,3.08,46/221,1.0,7.0,76.0,53.0,81.0,2.0,0.279,7.0,21.0,18.0,4.0,4.0,76.0,1.07
20,North Shore Beefs,5.03,54/198,2.0,7.0,39.1,44.0,37.0,1.0,0.386,1.0,30.0,21.0,4.0,1.0,90.0,1.5
20,Put Up or Shut Up,4.46,66/221,3.0,12.0,74.2,44.0,68.0,1.0,0.364,3.0,38.0,43.0,8.0,5.0,117.0,1.29
20,Shmoulie,2.61,46/219,2.0,6.0,62.0,46.0,62.0,3.0,0.32,5.0,33.0,22.0,9.0,1.0,76.0,1.05
20,Skrey's SQUAD,2.05,46/208,2.0,4.0,57.0,44.0,69.0,2.0,0.299,6.0,22.0,22.0,4.0,2.0,69.0,0.81
20,Tardy Plumbers,6.27,55/199,4.0,10.0,60.1,49.0,52.0,5.0,0.338,3.0,30.0,29.0,4.0,1.0,95.0,1.57
20,The Bronx Boofers,2.48,59/212,2.0,8.0,65.1,62.0,83.0,2.0,0.338,5.0,27.0,38.0,1.0,2.0,105.0,0.86
20,The Murk Ma$ter,3.02,53/212,1.0,10.0,50.2,63.0,53.0,2.0,0.318,2.0,24.0,22.0,3.0,2.0,90.0,1.13
20,UNKle Jerik,5.53,54/161,1.0,14.0,42.1,36.0,54.0,5.0,0.407,4.0,34.0,42.0,8.0,0.0,110.0,1.35
20,vves11,4.67,50/213,0.0,12.0,52.0,39.0,49.0,3.0,0.31,4.0,33.0,30.0,3.0,4.0,97.0,1.33
20,wes11,2.27,47/210,2.0,10.0,43.2,52.0,44.0,2.0,0.309,4.0,34.0,30.0,4.0,1.0,84.0,1.21
21,Acuña Matata,3.11,52/207,4.0,9.0,66.2,45.0,78.0,1.0,0.336,5.0,36.0,26.0,6.0,2.0,86.0,1.04
21,Beasts of the East,4.48,70/244,0.0,13.0,60.1,57.0,62.0,3.0,0.333,4.0,34.0,39.0,6.0,3.0,127.0,1.36
21,Cleveland Steamers,4.71,44/206,1.0,11.0,57.1,55.0,50.0,5.0,0.303,4.0,31.0,26.0,5.0,0.0,85.0,1.45
21,Colson Anthony Teel Jr.,4.93,61/226,3.0,11.0,45.2,57.0,50.0,6.0,0.317,2.0,27.0,27.0,2.0,0.0,101.0,1.25
21,Derty's Rolling Crew,3.0,49/190,0.0,8.0,57.0,42.0,50.0,3.0,0.346,4.0,24.0,34.0,1.0,6.0,87.0,1.02
21,My Team Snells Like Shit,4.7,46/194,2.0,4.0,53.2,39.0,65.0,4.0,0.32,3.0,27.0,18.0,5.0,3.0,65.0,1.3
21,North Shore Beefs,3.26,47/171,2.0,4.0,47.0,49.0,44.0,2.0,0.367,5.0,27.0,22.0,2.0,0.0,73.0,1.04
21,Put Up or Shut Up,1.78,66/239,1.0,9.0,65.2,63.0,65.0,1.0,0.342,5.0,40.0,42.0,3.0,4.0,120.0,1.04
21,Shmoulie,5.19,55/232,0.0,7.0,59.0,59.0,54.0,5.0,0.308,3.0,24.0,25.0,5.0,4.0,87.0,1.22
21,Skrey's SQUAD,3.2,53/202,3.0,14.0,50.2,36.0,59.0,4.0,0.338,3.0,44.0,34.0,5.0,1.0,108.0,1.07
21,Tardy Plumbers,3.93,43/210,4.0,7.0,55.0,58.0,62.0,3.0,0.277,2.0,26.0,37.0,0.0,2.0,71.0,1.31
21,The Bronx Boofers,3.07,59/211,4.0,10.0,41.0,59.0,47.0,3.0,0.37,2.0,34.0,29.0,4.0,2.0,100.0,1.24
21,The Murk Ma$ter,2.91,49/200,2.0,15.0,68.0,52.0,66.0,2.0,0.356,3.0,34.0,33.0,5.0,1.0,103.0,1.19
21,UNKle Jerik,2.83,52/200,3.0,9.0,60.1,47.0,60.0,2.0,0.357,6.0,40.0,28.0,8.0,1.0,90.0,1.04
21,vves11,5.67,60/218,0.0,11.0,54.0,54.0,51.0,3.0,0.346,3.0,32.0,43.0,3.0,1.0,103.0,1.33
21,wes11,4.08,57/202,2.0,11.0,39.2,45.0,32.0,5.0,0.348,2.0,33.0,32.0,10.0,1.0,97.0,1.29
22,Acuña Matata,4.31,60/216,4.0,18.0,62.2,46.0,69.0,5.0,0.358,3.0,35.0,42.0,4.0,0.0,129.0,1.28
22,Derty's Rolling Crew,7.07,41/180,0.0,5.0,35.2,40.0,28.0,4.0,0.298,1.0,25.0,28.0,3.0,3.0,68.0,1.77
22,My Team Snells Like Shit,5.21,58/210,1.0,10.0,57.0,45.0,45.0,6.0,0.352,5.0,29.0,24.0,5.0,0.0,99.0,1.4
22,Shmoulie,3.28,33/177,0.0,6.0,24.2,48.0,21.0,2.0,0.268,2.0,25.0,21.0,4.0,3.0,57.0,1.09
22,Skrey's SQUAD,4.1,56/231,2.0,6.0,98.2,53.0,97.0,5.0,0.305,4.0,26.0,30.0,7.0,4.0,100.0,1.38
22,Tardy Plumbers,6.04,63/196,2.0,11.0,56.2,35.0,64.0,3.0,0.403,2.0,37.0,38.0,6.0,2.0,111.0,1.54
22,UNKle Jerik,5.11,37/154,0.0,6.0,24.2,45.0,23.0,2.0,0.29,1.0,22.0,19.0,4.0,1.0,62.0,1.34
22,vves11,5.87,46/197,0.0,13.0,23.0,51.0,21.0,2.0,0.32,1.0,32.0,37.0,6.0,1.0,91.0,1.22
23,Acuña Matata,2.72,60/213,3.0,8.0,79.1,51.0,94.0,5.0,0.342,5.0,33.0,26.0,7.0,0.0,100.0,0.97
23,Beasts of the East,3.13,63/233,4.0,6.0,72.0,51.0,79.0,3.0,0.338,4.0,41.0,33.0,12.0,4.0,91.0,0.9
23,Derty's Rolling Crew,1.59,38/179,0.0,5.0,22.2,40.0,19.0,1.0,0.259,1.0,19.0,19.0,3.0,2.0,64.0,0.84
23,My Team Snells Like Shit,1.64,57/202,3.0,11.0,22.0,42.0,29.0,2.0,0.373,2.0,37.0,24.0,5.0,4.0,99.0,0.82
23,Put Up or Shut Up,3.44,39/177,1.0,9.0,18.1,56.0,23.0,0.0,0.265,1.0,22.0,23.0,2.0,0.0,71.0,0.98
23,Shmoulie,3.74,50/182,0.0,12.0,21.2,38.0,20.0,1.0,0.36,1.0,28.0,26.0,4.0,1.0,97.0,0.97
23,Skrey's SQUAD,4.58,57/238,0.0,10.0,78.2,51.0,81.0,5.0,0.318,5.0,29.0,32.0,3.0,3.0,98.0,1.33
23,Tardy Plumbers,4.56,47/152,1.0,6.0,23.2,32.0,32.0,1.0,0.391,1.0,20.0,20.0,1.0,4.0,77.0,1.23
23,The Bronx Boofers,4.06,47/221,0.0,3.0,108.2,56.0,103.0,7.0,0.296,5.0,23.0,21.0,3.0,3.0,73.0,0.96
23,The Murk Ma$ter,3.2,37/140,3.0,9.0,56.1,45.0,55.0,5.0,0.335,5.0,24.0,23.0,3.0,4.0,70.0,1.05
23,UNKle Jerik,4.01,32/154,2.0,8.0,24.2,49.0,32.0,1.0,0.291,2.0,19.0,22.0,6.0,2.0,65.0,1.34
23,vves11,9.49,58/216,0.0,6.0,12.1,52.0,13.0,1.0,0.352,0.0,30.0,28.0,5.0,1.0,91.0,2.11
24,Acuña Matata,4.66,75/246,3.0,10.0,77.1,57.0,85.0,4.0,0.389,3.0,38.0,30.0,6.0,1.0,121.0,1.18
24,Beasts of the East,4.15,77/253,5.0,9.0,99.2,43.0,94.0,7.0,0.358,6.0,38.0,33.0,8.0,2.0,120.0,1.25
24,Derty's Rolling Crew,4.29,50/199,0.0,5.0,21.0,45.0,18.0,0.0,0.312,0.0,29.0,21.0,5.0,4.0,75.0,1.48
24,Put Up or Shut Up,1.77,34/165,3.0,5.0,20.1,56.0,25.0,1.0,0.275,0.0,18.0,22.0,2.0,0.0,53.0,1.03
24,Skrey's SQUAD,4.98,43/197,1.0,5.0,34.1,41.0,25.0,2.0,0.298,2.0,31.0,24.0,9.0,1.0,71.0,1.22
24,The Bronx Boofers,3.94,60/185,0.0,7.0,29.2,51.0,34.0,2.0,0.413,1.0,30.0,23.0,4.0,3.0,99.0,1.52
24,The Murk Ma$ter,2.74,36/152,0.0,8.0,42.2,43.0,37.0,4.0,0.322,2.0,25.0,24.0,1.0,4.0,64.0,0.98
24,vves11,1.04,43/217,0.0,6.0,26.0,53.0,41.0,0.0,0.265,0.0,25.0,25.0,2.0,2.0,71.0,0.73
